time,avgTa,minTa,maxTa,maxInsWs,maxWs,avgWs,avgTs,minRhm,avgRhm,ddMes,sumRn,holiday,winter,spring,summer,fall,sal_dis,sal_price,sal_sales
2022-08-01,28.6,25.4,32.4,9.3,4.6,2.4,28.9,67,82.4,0,30,0,0,0,1,0,0.01,13900,40
2022-08-02,26.8,25.5,28.5,10.1,4.9,2.8,27.2,78,90,0,33.5,0,0,0,1,0,0.12,13900,204
2022-08-03,27.1,25.2,30,10.8,4.6,2.8,27.4,76,90.1,0,51.1,0,0,0,1,0,0.12,13900,205
2022-08-04,28.9,26,32.9,7.5,4,2.5,31.6,64,79.3,0,0,0,0,0,1,0,0.24,13900,296
2022-08-05,29.4,27,32.7,9.2,5.2,2.6,32.6,61,76.6,0,0,0,0,0,1,0,0.25,13900,349
2022-08-06,28.7,27.4,30.3,5.2,3.3,1.7,29.7,77,85.3,0,13.6,1,0,0,1,0,0.25,13900,347
2022-08-07,28.9,27.2,31.7,9.8,5.6,2.4,28.6,70,82.1,0,0.9,1,0,0,1,0,0.25,13900,298
2022-08-08,26.8,25,28.4,24.9,8.6,3.3,26.4,83,91.6,0,129.6,0,0,0,1,0,0.25,13900,395
2022-08-09,25.1,22,26.5,12.3,5.7,2.6,26,94,96,0,123.1,0,0,0,1,0,0.25,13900,396
2022-08-10,24.7,21.4,28.8,6.3,4.5,1.6,27.3,66,85.3,0,7.6,0,0,0,1,0,0.25,13900,397
2022-08-11,25,23.4,27.5,4.9,3.1,1.6,27.6,75,87.9,0,38.8,0,0,0,1,0,0.16,13900,215
2022-08-12,27,23,32.4,6.1,3.7,1.7,28.7,44,73.8,0,0,0,0,0,1,0,0.12,13900,157
2022-08-13,25.8,24.7,27.5,5.6,2.7,1.3,25.8,71,82.8,0,4,1,0,0,1,0,0.12,13900,109
2022-08-14,27.6,24.5,31.5,6.3,4,1.9,28.1,66,83,0,3,1,0,0,1,0,0.12,13900,172
2022-08-15,28.1,26.6,29.8,16.1,7.4,4.8,27.3,74,83,0,0.9,1,0,0,1,0,0.12,13900,177
2022-08-16,26.7,24.1,30,8.4,4.3,2.6,29,58,75.4,0,0,0,0,0,1,0,0.12,13900,180
2022-08-17,26,22.8,30.5,7,4.4,2,26.6,62,76.6,0,0,0,0,0,1,0,0.12,13900,158
2022-08-18,25.6,22.4,29.8,7.1,4.1,1.9,26.6,57,75.8,0,0,0,0,0,1,0,0.24,13900,472
2022-08-19,26,23.3,27.5,9.6,5.4,2.3,25.9,70,86.1,0,66.1,0,0,0,1,0,0.27,13900,618
2022-08-20,28.2,25.7,32,8.1,4.4,2.4,30.3,63,80,0,0,1,0,0,1,0,0.28,13900,399
2022-08-21,28.1,24.7,32,5.7,3.4,1.7,28,59,75.3,0,0,1,0,0,1,0,0.28,13900,298
2022-08-22,26.8,22.9,30.2,7.3,4.2,2.3,27,59,75.6,0,3.2,0,0,0,1,0,0.17,13900,485
2022-08-23,25.4,22.4,30.2,6.4,4.3,2,27.6,51,75,0,2.2,0,0,0,1,0,0.12,13900,197
2022-08-24,24.8,22.4,27.9,8.3,4.4,2.5,24.4,59,66.9,0,0,0,0,0,1,0,0.12,13900,309
2022-08-25,22.2,21.1,24,5.6,3.4,1.8,22.1,63,78,0,1.6,0,0,0,1,0,0.12,13900,405
2022-08-26,23.8,19.9,28.4,8.7,5.1,2.4,25.8,55,75.3,0,0,0,0,0,1,0,0.12,13900,229
2022-08-27,21.5,17.6,25.5,9.7,5.4,2.8,24.4,43,63.1,0,17.6,1,0,0,1,0,0.12,13900,156
2022-08-28,22.6,16.1,28.4,5.7,3.2,1.7,24.3,39,59.4,0,0,1,0,0,1,0,0.12,13900,187
2022-08-29,21,19.5,22.5,6.7,3.9,2.3,22.1,63,74,0,2.2,0,0,0,1,0,0.18,13900,327
2022-08-30,19.1,17.9,20.3,6.8,4.1,2.6,20.3,71,96.3,0,35.8,0,0,0,1,0,0.26,13900,337
2022-08-31,21.7,19.6,24.9,7.3,4.5,1.8,22.2,69,83.3,0,0,0,0,0,1,0,0.12,13900,165
2022-09-01,24,18.3,30.4,7,4.3,1.7,26.7,42,70.8,0,0,0,0,0,0,1,0.11,13900,139
2022-09-02,24.7,20.3,29.8,9.2,5.3,3.1,26.9,47,61.8,0,0,0,0,0,0,1,0.11,13900,160
2022-09-03,24.2,20.5,29.2,9,5.3,3.4,26.6,54,63,0,0,1,0,0,0,1,0.11,13900,100
2022-09-04,22.3,19.8,24,8.4,4.9,3.1,22.4,65,88.6,0,33.8,1,0,0,0,1,0.11,13900,124
2022-09-05,19.2,17.7,22.7,18.3,6.9,3.2,19.8,92,95.9,0,120,0,0,0,0,1,0.11,13900,194
2022-09-06,21,17,26.3,13.8,7.1,3.6,21.2,41,78,0,25.3,0,0,0,0,1,0.11,13900,139
2022-09-07,22.8,17.9,28.1,6.6,4,1.9,25.3,32,65.3,0,0,0,0,0,0,1,0.11,13900,138
2022-09-08,23.2,16.7,29.5,5.6,3.7,1.6,25.9,39,65.5,0,0,0,0,0,0,1,0.11,13900,160
2022-09-09,24.3,18.9,30.8,6.4,3.8,2,27,30,59.1,0,0,1,0,0,0,1,0.11,13900,131
2022-09-10,23.6,19,28.4,8,4.2,2.6,24.1,37,52.3,0,0,1,0,0,0,1,0,13900,0
2022-09-11,23.3,20.6,26.4,6.9,3.6,2.1,24.8,52,68.6,0,0.1,1,0,0,0,1,0,13900,0
2022-09-12,23.8,20.3,27.5,5.1,3.2,1.6,25.2,60,76.1,0,0,1,0,0,0,1,0,13900,0
2022-09-13,24.3,21.8,26.4,7.8,4.3,2.5,24,64,73,0,0,0,0,0,0,1,0,13900,120
2022-09-14,24.6,22.7,27.9,14.3,8,4.6,24.4,45,56.9,0,0,0,0,0,0,1,0.11,13900,143
2022-09-15,25.2,22,28.3,9.6,5.2,3.6,25.3,56,66.9,0,0.1,0,0,0,0,1,0.12,13900,247
2022-09-16,25.7,23.4,29.9,8.6,4.8,2.9,25.9,63,78.6,0,14.6,0,0,0,0,1,0.12,13900,220
2022-09-17,25.6,23.3,29.4,6.1,3.3,1.4,26.3,65,83.1,0,4.3,1,0,0,0,1,0.12,13900,169
2022-09-18,27.1,23,32.5,8.2,4.6,2,27.8,55,75.3,0,0,1,0,0,0,1,0.12,13900,136
2022-09-19,24.6,19.5,29.6,12.4,6.6,3.3,26.2,48,63.1,0,0,0,0,0,0,1,0.12,13900,192
2022-09-20,19.9,16.1,24.6,7.9,4.6,2.3,23.8,36,57,0,0,0,0,0,0,1,0.15,13900,289
2022-09-21,19.4,13,25.6,7,3.6,1.8,23.1,36,56.9,0,0,0,0,0,0,1,0.12,13900,232
2022-09-22,19.8,14.2,24.7,6.6,3.5,2,23.1,45,60.1,0,0,0,0,0,0,1,0.12,13900,179
2022-09-23,17.5,14.7,22.2,13.1,6.7,3.1,19.9,42,68.9,0,3.3,0,0,0,0,1,0.12,13900,171
2022-09-24,18.5,12.3,24.2,7.6,3.9,1.8,21.5,37,64.6,0,0,1,0,0,0,1,0.25,13900,277
2022-09-25,19.6,15.4,25.2,5.7,3.7,1.6,22.3,36,63.3,0,0,1,0,0,0,1,0.12,13900,119
2022-09-26,20,14.8,25.4,5.3,3.5,1.7,22.5,32,58.5,0,0,0,0,0,0,1,0.12,13900,188
2022-09-27,20.9,14,28,5.4,3.1,1.6,23.5,29,59,0,0,0,0,0,0,1,0.12,13900,255
2022-09-28,20.4,16.1,26.1,4.7,3,1.8,21.6,47,71,0,0,0,0,0,0,1,0.12,13900,214
2022-09-29,20.4,16.4,26.5,5.8,3.4,1.4,21.9,33,73.5,0,0,0,0,0,0,1,0.12,13900,168
2022-09-30,20.7,14.8,27.7,5.2,3.2,1.6,22.4,34,68,0,0,0,0,0,0,1,0.12,13900,179
2022-10-01,20.9,14.4,27.6,4.2,2.7,1.6,21.8,33,63.3,0,0,1,0,0,0,1,0.19,13900,185
2022-10-02,19.4,17.2,21.6,8.6,5.5,2.7,19.5,60,78.9,0,15.8,1,0,0,0,1,0.18,13900,200
2022-10-03,21.4,17.5,23.4,13.7,6.5,2.7,20.6,94,98.5,0,76,1,0,0,0,1,0.12,13900,122
2022-10-04,17.9,14.2,23,10.2,5.7,2.9,19.7,67,83.8,0,11.8,0,0,0,0,1,0.03,13900,55
2022-10-05,16.6,14.1,21.6,6.7,3.8,2.1,19.1,48,74.8,0,0.1,0,0,0,0,1,0,13900,0
2022-10-06,15.8,12.7,19.1,6.2,3.4,2.1,17.4,63,76.6,0,0,0,0,0,0,1,0.15,13900,233
2022-10-07,14.3,11,18.6,9.2,4.7,2.5,16.8,48,69.5,0,0,0,0,0,0,1,0.17,13900,299
2022-10-08,15.8,11.1,21.6,6.5,4.2,2.5,17.4,42,64.6,0,0,1,0,0,0,1,0.17,13900,153
2022-10-09,13.1,10.7,14.5,11.5,6.1,2.1,13.9,69,85.8,0,20.4,1,0,0,0,1,0.17,13900,184
2022-10-10,9.9,8.2,11.9,12.8,6.8,3.8,11.9,59,72.9,0,0,1,0,0,0,1,0.17,13900,182
2022-10-11,11.1,7.4,16.4,9.3,4.7,2.2,14,51,69.1,0,0,0,0,0,0,1,0.17,13900,237
2022-10-12,13.5,6.5,20.6,6.6,3.3,1.8,14.8,42,68.1,0,0,0,0,0,0,1,0.17,13900,287
2022-10-13,16.3,10.7,22.7,5.3,3,1.5,16.8,43,69.6,0,0,0,0,0,0,1,0.16,13900,267
2022-10-14,17.1,12.4,23,5.5,3.2,1.6,17.4,49,73.4,0,0,0,0,0,0,1,0.17,13900,330
2022-10-15,18.2,12.6,24.4,6.5,4.3,1.4,18.8,38,68.5,0,0,1,0,0,0,1,0.17,13900,398
2022-10-16,16.9,15.1,20.5,7.4,4.3,1.7,16.1,64,73.9,0,0,1,0,0,0,1,0.17,13900,151
2022-10-17,11.2,7.4,15.1,11.4,6.3,3.4,14.2,25,50.3,0,0,0,0,0,0,1,0.17,13900,303
2022-10-18,9.4,5,14.2,7.2,4.4,2.3,12,33,52.1,0,0,0,0,0,0,1,0.17,13900,285
2022-10-19,10.5,4.4,16.8,8,4.2,1.8,12.2,30,57.8,0,0,0,0,0,0,1,0.17,13900,288
2022-10-20,12.9,6,19.7,5.3,3.1,1.8,14,31,64.4,0,0,0,0,0,0,1,0.16,13900,225
2022-10-21,14,8.8,20.9,5.7,3.6,1.7,14.7,31,68.8,0,0,0,0,0,0,1,0.17,13900,239
2022-10-22,15.1,10.5,20.8,7.3,4,1.9,16.4,52,76.3,0,0,1,0,0,0,1,0.24,13900,312
2022-10-23,14,10.4,18.6,8.8,4.4,2.7,15.8,29,65,0,0,1,0,0,0,1,0.27,13900,546
2022-10-24,10.6,7.5,14.8,8.8,5.2,2.8,12.9,27,52.6,0,0,0,0,0,0,1,0.17,13900,343
2022-10-25,11.3,5.9,17.6,7.6,4.1,2,12.7,37,56.5,0,0,0,0,0,0,1,0.17,13900,287
2022-10-26,12.9,8,17.8,5.9,3.2,1.9,12.7,38,58.3,0,0,0,0,0,0,1,0.17,13900,317
2022-10-27,13.2,8.6,18.9,7.7,3.9,1.7,14.1,49,71.8,0,0,0,0,0,0,1,0.17,13900,468
2022-10-28,13.6,8.2,20.6,5.6,3.4,1.7,14.2,41,70.1,0,0,0,0,0,0,1,0.17,13900,484
2022-10-29,14.8,10.2,21.3,5.6,3.5,1.8,15.1,37,65.9,0,0,1,0,0,0,1,0.17,13900,387
2022-10-30,14.9,10.4,21.3,5,2.9,1.9,15,39,64.5,0,0,1,0,0,0,1,0.17,13900,297
2022-10-31,14.9,11.2,21.1,5.4,3.2,2.1,14.6,42,69.8,0,0,0,0,0,0,1,0.17,13900,271
2022-11-01,13.1,9.4,17.8,7.6,4.4,1.8,13.9,44,73.5,0,0,0,1,0,0,0,0.17,13900,324
2022-11-02,11.1,5.5,17.9,6.8,4.4,1.7,11.9,23,57.1,0,0,0,1,0,0,0,0.23,13900,707
2022-11-03,9.3,5.6,13.4,9,5.2,2,8.9,44,58.1,0,0,0,1,0,0,0,0.17,13900,427
2022-11-04,4.9,1.6,9.8,9.8,5.2,2.9,7.4,23,41.8,0,0,0,1,0,0,0,0.17,13900,642
2022-11-05,6.5,0.8,13.6,7.2,3.9,1.7,7.4,24,51.3,0,0,1,1,0,0,0,0.17,13900,530
2022-11-06,9.6,3.7,16.4,5.5,3.3,1.8,9.7,36,60.5,0,0,1,1,0,0,0,0.17,13900,222
2022-11-07,11.4,6.1,16.6,7,3.9,1.7,11.3,38,64.5,0,0,0,1,0,0,0,0.15,13900,396
2022-11-08,12.9,9.7,17.9,6.4,3.7,1.5,13.1,40,68.3,0,0,0,1,0,0,0,0.17,13900,398
2022-11-09,11.4,6.7,16,4.9,3.1,1.5,10.7,57,76,0,0,0,1,0,0,0,0.17,13900,482
2022-11-10,13.5,8.8,19.1,4.8,2.9,1.3,12.8,53,74.5,0,0,0,1,0,0,0,0.17,13900,578
2022-11-11,15.6,10.9,22.1,6.4,3.2,1.8,13.7,40,62.5,0,0,0,1,0,0,0,0.17,13900,511
2022-11-12,16.3,11.6,22,9.9,4.6,2.2,13.9,50,80,0,57.9,1,1,0,0,0,0.17,13900,277
2022-11-13,10.3,8.7,17.3,10.4,6.3,2.6,12.4,69,85.6,0,0,1,1,0,0,0,0.24,13900,658
2022-11-14,9.7,5.9,13.8,8.6,4.8,2.3,10.8,45,74.8,0,0,0,1,0,0,0,0,13900,278
2022-11-15,8.1,4,12.3,10.4,5.4,2,8.4,62,77.4,0,1.6,0,1,0,0,0,0,13900,285
2022-11-16,8.5,5.5,13,7.1,3.9,1.7,8.1,33,71.3,0,0,0,1,0,0,0,0.11,13900,474
2022-11-17,10.2,5.4,16.6,4.8,3.1,1.6,8.6,41,64.6,0,0,0,1,0,0,0,0.14,13900,388
2022-11-18,11,5.3,18.1,4.2,2.7,1.6,8.8,39,69.6,0,0,0,1,0,0,0,0.16,13900,508
2022-11-19,12.9,8.7,19.2,7.4,4.4,2.3,9.8,35,55.8,0,0,1,1,0,0,0,0.17,13900,462
2022-11-20,13.7,9.5,20.2,5.3,3,1.7,11,38,58.3,0,0,1,1,0,0,0,0,13900,0
2022-11-21,11.8,9.3,16.2,7.6,5.1,1.6,9.3,53,70.5,0,0,0,1,0,0,0,0,13900,225
2022-11-22,10.7,7,13.7,6.9,4.3,1.9,9.1,47,69.9,0,0,0,1,0,0,0,0,13900,241
2022-11-23,10.8,6.8,15.2,8.4,4.5,2.1,9.8,34,56,0,0,0,1,0,0,0,0,13900,278
2022-11-24,9.4,5.9,14.1,5.2,3.2,1.5,7.8,51,65.6,0,0,0,1,0,0,0,0,13900,254
2022-11-25,12.3,7.1,17.8,10,5.8,3,9.7,35,67.1,0,1.7,0,1,0,0,0,0,13900,229
2022-11-26,6.7,1,12.9,11.1,5.8,3,5.9,28,52.4,0,0,1,1,0,0,0,0,13900,157
2022-11-27,5.4,-1.1,11.5,5.8,3.8,2.4,3.2,28,43.1,0,0,1,1,0,0,0,0.08,13900,268
2022-11-28,12.3,7.5,15,7,4.7,2.7,9.2,34,65.5,0,19.5,0,1,0,0,0,0,13900,302
2022-11-29,6.9,-1.6,15,12,6.5,3.5,8.6,39,67,0,3.8,0,1,0,0,0,0,13900,285
2022-11-30,-5.4,-8.1,-1.6,11.3,6.5,3.9,-0.6,34,49.1,0,0,0,1,0,0,0,0,13900,348
2022-12-01,-5.4,-9.4,-1.2,7.7,4.3,2.4,-2.4,34,43.4,0,0,0,1,0,0,0,0,13900,327
2022-12-02,-2.5,-7.6,3,5.4,3.1,1.7,-1.8,24,42,0,0,0,1,0,0,0,0,13900,266
2022-12-03,2.1,-0.3,7,9.6,5.1,2.6,1.3,46,70.5,1,1.1,1,1,0,0,0,0.17,13900,331
2022-12-04,-3.5,-5.2,-0.2,9.7,4.7,2.8,-1.1,25,38.9,0,0,1,1,0,0,0,0,13900,158
2022-12-05,-3.1,-7,1.9,7.1,4.8,2.4,-2,25,41.9,0,0,0,1,0,0,0,0.05,13900,261
2022-12-06,0.9,-3.9,5.3,12.5,6.4,2.4,-0.2,44,62.8,0.3,0.1,0,1,0,0,0,0,13900,104
2022-12-07,4.9,1.2,9,12.2,6.5,2.7,1.6,41,60.4,0,0.1,0,1,0,0,0,0.29,13900,4968
2022-12-08,3.7,0.1,9.1,4.7,2.7,1.4,1.4,21,57.5,0,0,0,1,0,0,0,0.26,13900,2274
2022-12-09,4.5,0.9,10.2,6.5,4.1,2,2.5,49,60.8,0,0,0,1,0,0,0,0.22,13900,796
2022-12-10,2.6,-0.6,6.7,6.7,4.1,1.3,1,26,46.5,0,0,1,1,0,0,0,0.05,13900,175
2022-12-11,1.6,-1.5,6.8,6.2,3.9,1.8,0.6,29,52.5,0,0,1,1,0,0,0,0,13900,0
2022-12-12,2,-2,6.3,6.6,4.2,1.7,0.3,53,73.4,0,5.4,0,1,0,0,0,0,13900,159
2022-12-13,0,-6.4,3.1,15,7.4,3.5,1,57,70.8,0.8,0.6,0,1,0,0,0,0,13900,205
2022-12-14,-8.4,-11,-4.9,14.7,6.9,3.2,-3.7,43,50.1,0.5,0,0,1,0,0,0,0,13900,255
2022-12-15,-4.5,-8.5,-1.3,9,5,2.5,-1.7,61,79.1,4.5,2.4,0,1,0,0,0,0,13900,234
2022-12-16,-6.3,-9.6,-2.2,5.7,3.8,2,-2,34,56.9,4.1,0,0,1,0,0,0,0,13900,216
2022-12-17,-7,-9.8,-3.2,11.1,6.2,2.7,-3.5,34,52,1.9,0.2,1,1,0,0,0,0.14,13900,276
2022-12-18,-9.5,-12.4,-5.6,10.4,5.8,2.6,-5.1,38,47.1,1.5,0,1,1,0,0,0,0,13900,80
2022-12-19,-7,-12,-2.5,6,3.8,1.7,-4.3,40,55.6,1.4,0,0,1,0,0,0,0,13900,256
2022-12-20,-3.2,-9.5,2.9,5.9,3.9,2.2,-3,40,55.8,1.1,0,0,1,0,0,0,0,13900,267
2022-12-21,-0.1,-2.6,2.6,9.6,5.5,2.7,-0.6,57,82.4,3.5,3.6,0,1,0,0,0,0,13900,276
2022-12-22,-7.8,-11.3,-2.6,15,7.1,4.4,-2.6,45,60.5,1.9,0,0,1,0,0,0,0.08,13900,394
2022-12-23,-11.8,-13.7,-8.6,12.3,6.7,4.3,-4.4,52,60.5,1.8,0,0,1,0,0,0,0.18,13900,610
2022-12-24,-8.4,-13.5,-2,5.6,3.4,1.8,-4.3,38,54.9,1.7,0,1,1,0,0,0,0.26,13900,673
2022-12-25,-5.4,-9.6,0.2,6.6,4.1,1.7,-4.6,46,66.5,1.6,0,1,1,0,0,0,0.24,13900,352
2022-12-26,-3.9,-7.9,1.7,3.7,2.8,1.4,-4.1,44,68.4,1.2,0,0,1,0,0,0,0.1,13900,333
2022-12-27,-2.6,-7.3,3.3,5.4,3.2,1.8,-3.2,48,69.8,0.3,0,0,1,0,0,0,0.1,13900,252
2022-12-28,-3.3,-6,0.1,8.7,4.9,2.5,-2.9,39,58.1,0.4,0.1,0,1,0,0,0,0.1,13900,291
2022-12-29,-2.9,-7.8,2.1,5.1,3.4,1.7,-3.3,33,56.3,0,0,0,1,0,0,0,0.1,13900,356
2022-12-30,-1.8,-4.4,2.3,7.5,4.6,1.9,-2.2,36,65.6,0,0,0,1,0,0,0,0.1,13900,363
2022-12-31,-1.2,-5.1,2.1,4.1,2.6,1.4,-2.2,57,65.5,0,0,1,1,0,0,0,0.1,13900,226
2023-01-01,-0.2,-4.3,3.8,8.1,5.3,2.7,-1.4,28,54.5,0,0,1,1,0,0,0,0,13900,104
2023-01-02,-4.5,-7.4,-0.4,7.4,4.4,2.5,-4.2,32,45.9,0,0,0,1,0,0,0,0,13900,172
2023-01-03,-5,-9,0.6,6.7,3.9,1.8,-4.8,27,49,0,0,0,1,0,0,0,0,13900,191
2023-01-04,-1.8,-5.7,3.3,7.2,4.2,1.9,-2.9,34,51.4,0,0,0,1,0,0,0,0.18,13900,351
2023-01-05,-1.6,-5.6,3.6,5.6,3.2,1.6,-3.3,39,58.1,0,0,0,1,0,0,0,0,13900,159
2023-01-06,0.6,-4.7,5.7,6.9,4.1,2.2,-1.7,48,71.9,3.6,3.9,0,1,0,0,0,0,13900,172
2023-01-07,1.5,-1.4,3.8,8.3,4.4,2.2,0.5,64,80.9,3.6,0.1,1,1,0,0,0,0,13900,120
2023-01-08,1.3,-3.7,6.3,4.8,3,1.7,-0.2,46,69.3,0,0,1,1,0,0,0,0,13900,89
2023-01-09,3.1,-1.3,7,8.6,4.7,2.3,1.4,43,60.1,0,0,0,1,0,0,0,0,13900,206
2023-01-10,1.6,-3.9,9.1,4.4,2.7,1.5,0.2,39,59.9,0,0,0,1,0,0,0,0,13900,172
2023-01-11,2.6,-2,9.2,5.6,3.3,1.6,0.5,30,61.9,0,0,0,1,0,0,0,0,13900,211
2023-01-12,5.9,-0.6,12.5,5.7,3.4,2.2,1.1,25,46.6,0,0,0,1,0,0,0,0,13900,187
2023-01-13,8.3,5.1,10.1,9.8,6.3,2.5,3.2,47,99.1,0,37.3,0,1,0,0,0,0,13900,139
2023-01-14,6.6,3.8,8.4,9.9,5.7,2.5,3.3,82,92.9,0,1.6,1,1,0,0,0,0.03,13900,191
2023-01-15,-0.2,-3.5,3.8,7.6,4.3,2.8,0.3,84,93.9,0.6,3.2,1,1,0,0,0,0,13900,70
2023-01-16,-4.6,-6.8,-1.2,7.2,4.3,2.7,-0.2,42,63.1,0.3,0,0,1,0,0,0,0,13900,85
2023-01-17,-3.7,-7,-0.4,4.9,3,1.8,-1.2,46,65.1,0,0,0,1,0,0,0,0.12,13900,143
2023-01-18,-1.9,-4.6,2.2,7.6,4.4,2,-0.4,27,60.5,0,0,0,1,0,0,0,0.21,13900,166
2023-01-19,-0.4,-6,4.3,9.8,5.2,2.5,-0.9,47,69.3,0,1,0,1,0,0,0,0,13900,80
2023-01-20,-3.3,-7.7,2,13,6.9,3.7,-0.5,30,52.4,0,0,0,1,0,0,0,0,13900,63
2023-01-21,-4.5,-10.5,1.5,5.2,3.5,1.8,-1.8,36,55.4,0,0,1,1,0,0,0,0,13900,0
2023-01-22,-0.6,-2.8,2.6,7.4,4.8,2.6,-0.8,53,62.8,0,0,1,1,0,0,0,0,13900,0
2023-01-23,-0.8,-6.9,4.6,9.6,6,2.7,-0.2,46,66.6,0,0,1,1,0,0,0,0,13900,0
2023-01-24,-14.7,-17,-6.9,12.3,7,4.6,-6.6,39,51.9,0,0,1,1,0,0,0,0,13900,0
2023-01-25,-11.3,-17.3,-5.4,5.9,3.8,2.1,-6,27,45.1,0,0,0,1,0,0,0,0,13900,0
2023-01-26,-6,-9,-3.5,5.9,4.1,2.5,-2.6,52,80.1,4.5,0.8,0,1,0,0,0,0,13900,140
2023-01-27,-7.3,-9.6,-3.8,13.9,7.5,3.5,-3.1,35,56.5,1.7,0,0,1,0,0,0,0,13900,151
2023-01-28,-6,-11.2,-0.6,9.4,5.1,2.4,-3.5,39,54.9,0,0,1,1,0,0,0,0.12,13900,225
2023-01-29,-1.8,-8,4.9,11,5.9,2.6,-2.3,49,58.3,0,0,1,1,0,0,0,0.14,13900,252
2023-01-30,-0.9,-4.4,4.2,8.7,4.3,2.1,-0.5,31,55.9,0,0,0,1,0,0,0,0,13900,236
2023-01-31,2.4,-3.5,7.8,10.8,5.3,2.7,-0.4,48,69.1,0,0,0,1,0,0,0,0,13900,195
2023-02-01,0.9,-3,6,10.8,6.2,3.2,1.5,37,68.4,0,0,0,1,0,0,0,0,13900,272
2023-02-02,-2.4,-5.1,1.4,7.3,4.3,2.5,-1.1,36,50.3,0,0,0,1,0,0,0,0,13900,297
2023-02-03,-1.6,-3.9,3.4,6.2,3.8,2.2,0.4,22,47.4,0,0,0,1,0,0,0,0,13900,289
2023-02-04,-0.2,-5.2,6,8,4.6,2,0.4,33,49.8,0,0,1,1,0,0,0,0,13900,203
2023-02-05,1.7,-3.3,7.1,6.3,4,1.8,0.4,49,71,0,0,1,1,0,0,0,0,13900,71
2023-02-06,3,-1.7,8.8,5.1,3.4,1.6,1.2,50,72.3,0,0,0,1,0,0,0,0,13900,263
2023-02-07,3.5,-0.6,9.5,5,3.2,1.5,1.7,50,72.9,0,0,0,1,0,0,0,0,13900,279
2023-02-08,2.1,-1.3,7.8,7.7,4.3,2.5,2.2,31,62.1,0,0,0,1,0,0,0,0,13900,238
2023-02-09,4,-2.8,9.9,9.5,4.4,2.5,1,32,49.9,0,0,0,1,0,0,0,0,13900,230
2023-02-10,3.8,1.1,6.2,7.2,4.3,2.2,2,69,79.6,0,0.6,0,1,0,0,0,0,13900,224
2023-02-11,2.8,-1.2,8.5,4.7,2.9,1.8,1.8,50,73,0,0,1,1,0,0,0,0.24,13900,413
2023-02-12,3.7,-0.9,7.6,5.9,4.1,1.8,1.5,54,70,0,0,1,1,0,0,0,0,13900,88
2023-02-13,5.9,2.7,8.4,7.4,4.2,2.3,1.8,56,66.5,0,0,0,1,0,0,0,0,13900,238
2023-02-14,1.7,-2.5,6.6,8.2,4.8,2.7,2.6,38,54.9,0,0,0,1,0,0,0,0,13900,188
2023-02-15,3.2,-1.2,8.9,7.6,4.5,2.5,2.5,33,46.4,0,0,0,1,0,0,0,0,13900,237
2023-02-16,2.3,-0.7,4.5,8.7,5,2.7,1.8,51,68.3,0,0,0,1,0,0,0,0.1,13900,408
2023-02-17,3.4,-1.5,9.8,5.1,3,1.8,2.3,40,67.8,0,0,0,1,0,0,0,0.12,13900,372
2023-02-18,5.7,3,8.1,3.9,2.6,1.5,2.3,45,58.3,0,0,1,1,0,0,0,0.12,13900,323
2023-02-19,3.5,0.2,6.1,11.6,6.8,3.3,4.3,29,56.1,0,0.4,1,1,0,0,0,0.12,13900,85
2023-02-20,-0.5,-3.5,2.4,11,6.4,3.3,1.9,27,46.4,0,0,0,1,0,0,0,0.12,13900,438
2023-02-21,-1.3,-5.3,4.8,6.8,4.7,2.1,1.7,23,42.4,0,0,0,1,0,0,0,0.12,13900,427
2023-02-22,1.2,-4.5,8.4,7,3.7,2.2,2.2,21,50.6,0,0,0,1,0,0,0,0.12,13900,398
2023-02-23,2.9,-1.8,9.2,6.7,4,1.9,3.1,36,65.5,0,0,0,1,0,0,0,0.12,13900,481
2023-02-24,3.5,-0.4,8.5,11.6,6.5,3,3.7,25,57.9,0,0,0,1,0,0,0,0.12,0,510
2023-02-25,0.7,-2.9,5.7,8.5,4.9,2.9,2.7,27,44,0,0,1,1,0,0,0,0.12,13900,392
2023-02-26,2.2,-3.4,9.4,7.2,4.4,2.1,3.3,25,46.6,0,0,1,1,0,0,0,0.12,13900,106
2023-02-27,4.4,-1.8,12.4,7,4.1,1.9,4,24,47.4,0,0,0,1,0,0,0,0.12,13900,479
2023-02-28,4.3,-0.7,8.7,7.3,4.5,2,3.7,44,63.4,0,0,0,1,0,0,0,0.12,13900,476
2023-03-01,6,2.9,9,12.3,7,3.1,5,27,54.4,0,0,1,0,1,0,0,0.12,13900,398
2023-03-02,2.2,-1.8,6.6,9.6,5.5,2.8,3.7,22,37.8,0,0,0,0,1,0,0,0.02,13900,384
2023-03-03,4.6,-1.9,10.4,8.9,5,2.1,3.6,48,65,0,0,0,0,1,0,0,0,13900,299
2023-03-04,7.7,3.7,14.1,5.5,3.5,1.9,7,35,68.4,0,0,1,0,1,0,0,0.04,13900,260
2023-03-05,8,2.5,15.4,6.9,4.1,1.7,6.6,24,54,0,0,1,0,1,0,0,0,13900,171
2023-03-06,9.2,2.2,16.5,7.8,4.7,2.1,7,18,41.9,0,0,0,0,1,0,0,0,13900,286
2023-03-07,11.7,6.3,19.4,7.2,4.1,2.3,10.4,40,60.9,0,0,0,0,1,0,0,0,13900,327
2023-03-08,12.5,7.4,17.7,7.8,4.6,2,9.3,41,66.3,0,1.2,0,0,1,0,0,0,0,327
2023-03-09,10.3,7.4,13.1,9,5,2.3,10.2,71,85.9,0,3.7,0,0,1,0,0,0.06,0,457
2023-03-10,13.5,6.2,22.2,6.7,3.4,2.1,11,27,62.1,0,0,0,0,1,0,0,0.07,13900,455
2023-03-11,15.2,10.2,22.8,11,5.6,2.4,11.9,20,52,0,0,1,0,1,0,0,0.07,13900,317
2023-03-12,5.9,0.6,12.6,13.6,7.3,3.7,5.8,40,68,0,5.6,1,0,1,0,0,0.07,13900,287
2023-03-13,2.9,-1.9,7.6,12,6.5,3.2,4.1,22,38.9,0,0,0,0,1,0,0,0.07,13900,372
2023-03-14,9.2,3.3,15.4,11.7,6.5,2.9,8.4,23,45.9,0,0,0,0,1,0,0,0.07,13900,492
2023-03-15,8.6,3.5,14.4,12.8,6.9,3,6.8,33,66.6,0,0,0,0,1,0,0,0.07,13900,492
2023-03-16,4.6,0.4,9,8.4,4.5,2.4,4.4,19,36.8,0,0,0,0,1,0,0,0.07,13900,453
2023-03-17,7.2,0.7,12.7,5.5,3.1,1.7,5.4,20,34.3,0,0,0,0,1,0,0,0.07,13900,218
2023-03-18,7.7,2.5,14,9.6,5.8,2.6,8.9,22,46.4,0,0,1,0,1,0,0,0,13900,0
2023-03-19,8.3,2.3,15.2,7.5,4.3,2.1,10.1,29,59.6,0,0,1,0,1,0,0,0,13900,0
2023-03-20,9.5,2.6,17.1,5.9,3.7,1.6,10.9,23,50.4,0,0,0,0,1,0,0,0,13900,0
2023-03-21,13,5,22.2,5.1,3.4,1.7,13.1,13,35.1,0,0,0,0,1,0,0,0,13900,0
2023-03-22,17,9.2,25.1,8.1,4.6,1.8,15.5,28,44.8,0,0,0,0,1,0,0,0,13900,0
2023-03-23,17.4,12.3,23.3,8.8,5.7,2.5,16.7,31,48.9,0,0,0,0,1,0,0,0,13900,0
2023-03-24,12.5,7.6,18.3,6.4,3.8,2.3,13.1,27,36.8,0,0,0,0,1,0,0,0,13900,0
2023-03-25,12.5,8,18.7,7.3,4.5,2.3,15.3,41,59.9,0,0,1,0,1,0,0,0,13900,0
2023-03-26,9.4,4.7,14,11.5,5.9,3.6,13.6,16,34,0,0,1,0,1,0,0,0,13900,0
2023-03-27,7.3,1.9,14.5,10.8,5.6,2.3,11.8,21,44.8,0,0,0,0,1,0,0,0,13900,0
2023-03-28,9.2,2.8,15.7,7.4,4.6,2.1,11.6,22,53.3,0,0,0,0,1,0,0,0,13900,0
2023-03-29,11.8,5.1,19.7,7.7,4.6,1.9,13.8,20,50.3,0,0,0,0,1,0,0,0,13900,108
2023-03-30,13.3,6.4,21.2,7.8,4.4,2.2,15.3,21,42.5,0,0,0,0,1,0,0,0.13,13900,201
2023-03-31,15,7.5,23.9,6.4,4.6,2.1,16.9,23,42.5,0,0,0,0,1,0,0,0.07,13900,188
2023-04-01,17.5,9.4,25.6,7.2,4.5,1.8,17.9,19,40.4,0,0,1,0,1,0,0,0,13900,105
2023-04-02,18.8,11.9,25.2,9.4,5.9,2.4,19.7,16,29.6,0,0,1,0,1,0,0,0,13900,53
2023-04-03,19,11.3,25.9,7.8,4.3,2.3,20.1,16,29.4,0,0,0,0,1,0,0,0,13900,182
2023-04-04,17.6,12.7,21.7,10.9,6.1,2.6,18.5,16,40.4,0,6.9,0,0,1,0,0,0,13900,152
2023-04-05,11.9,8.7,14.9,10.5,5.8,3.4,12.5,90,97.8,0,50.3,0,0,1,0,0,0,13900,206
2023-04-06,8.8,7.4,9.7,7.5,4.6,2.5,10,84,94.6,0,2.7,0,0,1,0,0,0,13900,207
2023-04-07,8.9,4.6,15.7,13.8,7,2.9,11.9,36,65,0,0,0,0,1,0,0,0,13900,207
2023-04-08,8.8,3.1,14.9,11.9,7,3.2,11.7,25,51.1,0,0,1,0,1,0,0,0,13900,0
2023-04-09,10.8,3.5,17.8,9.8,6,2.5,13.1,33,56.8,0,0,1,0,1,0,0,0,13900,0
2023-04-10,13.2,6.2,19.1,10.4,6.3,2.7,14.1,31,50.8,0,0,0,0,1,0,0,0,13900,224
2023-04-11,13.1,9.2,17.4,18.9,9.3,3.6,11,43,73.4,0,2.9,0,0,1,0,0,0,13900,242
2023-04-12,10.1,4.8,15.3,13,7.2,2.7,11.9,17,45.1,0,0,0,0,1,0,0,0,13900,252
2023-04-13,11.9,5.1,17.2,6.8,3.5,1.8,11.9,18,45,0,0,0,0,1,0,0,0.09,13900,282
2023-04-14,16.2,11.9,21.3,7.3,4.5,1.6,15.1,39,58.6,0,0,0,0,1,0,0,0.1,13900,342
2023-04-15,13.5,9.3,16.6,7.7,4.4,2.2,15.8,63,81.8,0,4.6,1,0,1,0,0,0.1,13900,210
2023-04-16,10.8,7.5,16.1,11.9,6.6,2.5,12.4,38,71.4,0,0,1,0,1,0,0,0.1,13900,148
2023-04-17,13.1,6.8,18.1,6.5,4.2,2,14.6,36,59,0,0,0,0,1,0,0,0.1,13900,302
2023-04-18,14,10.7,18.4,7.9,5.3,2.7,15.7,46,78.6,0,1.5,0,0,1,0,0,0.1,13900,370
2023-04-19,19.1,11.5,28.4,7.2,4.6,2.4,21.3,25,66.1,0,0,0,0,1,0,0,0.1,13900,336
2023-04-20,15.8,14.5,18.9,8.7,4.6,2.4,16.1,81,92.1,0,0.5,0,0,1,0,0,0,13900,255
2023-04-21,16.7,11.4,22.8,8.3,4.9,2.5,19.1,18,50.4,0,0,0,0,1,0,0,0,13900,205
2023-04-22,16.9,12.2,22.5,9.5,5,2.6,18.3,14,22.9,0,0,1,0,1,0,0,0,13900,112
2023-04-23,16.1,10.7,22.1,8,4.8,2.1,16.9,19,34.1,0,0,1,0,1,0,0,0.08,13900,190
2023-04-24,15.8,11.5,21.3,8.8,5.1,2.7,18.8,30,40.5,0,0,0,0,1,0,0,0,13900,236
2023-04-25,10.9,9,13.2,7.5,4.3,1.9,12,45,68.6,0,0.4,0,0,1,0,0,0,13900,237
2023-04-26,10.2,7.4,13.5,10.3,5.7,3.1,16.6,47,69.9,0,0,0,0,1,0,0,0,13900,228
2023-04-27,12.9,5.1,20,6.8,4.2,1.9,18.3,26,61.6,0,0,0,0,1,0,0,0.02,13900,309
2023-04-28,15.7,9,21.3,9.1,5.4,2.1,19.9,26,62,0,1.9,0,0,1,0,0,0.03,13900,385
2023-04-29,13.2,9.9,15.8,11.8,6.4,2.9,15.3,68,88.1,0,25.1,1,0,1,0,0,0.03,13900,205
2023-04-30,12.7,7.9,17.9,11.2,5.9,3.3,16.4,39,72.9,0,0.1,1,0,1,0,0,0.03,13900,33
2023-05-01,14.6,9.8,20.8,9.9,5.2,2.5,18.2,27,57,0,0,0,0,1,0,0,0.03,13900,178
2023-05-02,16.7,9.1,23.7,6.5,3.8,2.1,16.8,21,40.5,0,0,0,0,1,0,0,0.03,13900,375
2023-05-03,19.5,12.4,26.2,9,4.9,2.1,22.6,23,52.5,0,0,0,0,1,0,0,0.03,13900,431
2023-05-04,21.4,15.6,25.8,7.5,4.2,2.1,22.2,50,65.5,0,0,0,0,1,0,0,0.01,13900,274
2023-05-05,18.4,15.5,21.6,10.4,5.5,2.5,18.5,61,95.3,0,30.2,1,0,1,0,0,0,13900,264
2023-05-06,12.6,11.7,15.5,15.9,8.6,5.4,13.2,56,85.6,0,47.5,1,0,1,0,0,0,13900,175
2023-05-07,14.4,11.1,18.6,9.1,4.8,2.6,13.9,36,47.1,0,0,1,0,1,0,0,0.09,13900,279
2023-05-08,15.3,7.9,22,8.1,4.8,2.2,18.1,31,55.3,0,0,0,0,1,0,0,0,13900,191
2023-05-09,17,10,24.4,9.8,5.1,2.3,20.5,31,55.4,0,0,0,0,1,0,0,0,13900,304
2023-05-10,18.4,10.7,26,5.8,3.7,1.8,21.3,25,53.3,0,0,0,0,1,0,0,0,13900,295
2023-05-11,19.5,12.8,26.7,8.1,4.6,2.3,23.7,26,50.1,0,0,0,0,1,0,0,0,13900,319
2023-05-12,18.4,13.1,24.7,6.4,3.6,1.8,21.7,24,50.9,0,0,0,0,1,0,0,0,13900,282
2023-05-13,17.8,12.6,23.9,9.2,4.7,2,24.2,35,62,0,0,1,0,1,0,0,0,13900,173
2023-05-14,18.1,12.9,23.8,8,4.7,2,24.3,35,56.5,0,0,1,0,1,0,0,0.09,13900,217
2023-05-15,20.6,12.8,27.9,7.6,4.6,2.4,25,32,54.6,0,0,0,0,1,0,0,0,13900,224
2023-05-16,24,17.2,31.2,9.2,5,2.5,30.3,33,51.9,0,0,0,0,1,0,0,0,13900,294
2023-05-17,23.5,18.6,28.7,13.1,7.2,3.4,30.7,34,63.6,0,0,0,0,1,0,0,0,13900,250
2023-05-18,21.2,18.8,27.6,11.9,4.6,2.1,21.6,48,74.8,0,1.3,0,0,1,0,0,0,13900,322
2023-05-19,22.3,16.7,27.8,8.5,4.5,2.3,27.2,41,61.4,0,0,0,0,1,0,0,0,13900,302
2023-05-20,21.2,16.6,26.7,12.7,6.7,3,28.7,51,66.9,0,0,1,0,1,0,0,0,13900,179
2023-05-21,17.8,15.3,21.9,9.5,4.8,3,24.5,46,74,0,0.2,1,0,1,0,0,0,13900,151
2023-05-22,20.3,15.9,26.8,6.9,4.2,1.9,25.9,31,61.3,0,0,0,0,1,0,0,0.11,13900,479
2023-05-23,20.5,14.1,26.9,10,4.4,2.2,28.6,27,48,0,0,0,0,1,0,0,0.12,13900,598
2023-05-24,20.6,14.8,25.9,7.7,3.8,2,25.1,34,49.8,0,0,0,0,1,0,0,0.12,13900,478
2023-05-25,21.2,15.7,27.4,9,5.6,2.4,29,27,46.6,0,0,0,0,1,0,0,0.12,13900,657
2023-05-26,21.4,15.8,27.3,7.9,4.9,2.1,29.7,38,57.4,0,0.5,0,0,1,0,0,0.12,13900,650
2023-05-27,19.3,18.6,20.7,5.9,3.3,1.7,19.6,65,87.4,0,31.8,1,0,1,0,0,0.12,13900,526
2023-05-28,19.2,18.4,20.2,10.3,5.3,1.8,19.6,83,98.9,0,41.8,1,0,1,0,0,0.12,13900,112
2023-05-29,23.2,19,28.5,4.9,3,1.6,24.2,58,83.4,0,2.3,1,0,1,0,0,0.12,13900,398
2023-05-30,24,20.5,28.9,8.5,4.9,2.2,25.6,48,69.5,0,0,0,0,1,0,0,0.12,13900,658
2023-05-31,22.8,18.8,28.2,8.4,4.3,2.5,25.8,45,60.8,0,0,0,0,1,0,0,0.12,13900,945
2023-06-01,22.8,19.7,26.3,5.7,3.4,1.9,24.3,56,66.9,0,0,0,0,0,1,0,0.1,13900,140
2023-06-02,20.4,17.9,25,7,4.7,2.3,23.3,59,77.4,0,0,0,0,0,1,0,0,13900,357
2023-06-03,22,16.6,27.8,10.6,6,2.7,28.3,31,60.1,0,0,1,0,0,1,0,0,13900,245
2023-06-04,22.1,16.9,28,9.1,5.7,2.4,29.1,28,61,0,0,1,0,0,1,0,0,13900,67
2023-06-05,21.5,17.6,26.3,10.8,5.5,2.6,29.1,47,66.9,0,0,0,0,0,1,0,0,13900,238
2023-06-06,20.3,17.3,25.2,9.8,5.5,2.6,24.5,50,72.9,0,0,1,0,0,1,0,0,13900,217
2023-06-07,21.4,18.9,25.7,6.5,3.6,2.1,24.1,63,75.3,0,0,0,0,0,1,0,0,13900,367
2023-06-08,20.4,18.3,23.9,8.4,4.9,2.4,23.5,65,80.5,0,1.9,0,0,0,1,0,0,13900,345
2023-06-09,23.3,18.3,28.4,7.7,4.4,2,30.3,32,64,0,1.2,0,0,0,1,0,0,13900,387
2023-06-10,23.2,19.6,28.5,12.6,7.5,2.3,26.6,48,70,0,0.8,1,0,0,1,0,0,13900,263
2023-06-11,22.1,17.9,27.3,5.9,3.9,2.2,23.6,53,76.1,0,32.2,1,0,0,1,0,0,13900,106
2023-06-12,22.2,18.4,27.5,7.6,4.5,1.7,24.3,47,70.5,0,0,0,0,0,1,0,0,13900,391
2023-06-13,22,19.2,26,9,5,2.2,28.2,50,70,0,0,0,0,0,1,0,0,13900,365
2023-06-14,20.6,17.5,25,6.7,3.6,1.5,20.3,53,80.3,0,30.6,0,0,0,1,0,0,13900,358
2023-06-15,22.7,17.7,28.3,8.2,4.7,2.1,26.5,50,70.8,0,0,0,0,0,1,0,0,13900,405
2023-06-16,23.7,19.1,28.9,6.8,4.2,2.1,27.8,45,64.4,0,0,0,0,0,1,0,0.09,13900,717
2023-06-17,24.2,18.9,30.2,6.3,4.1,2,28.7,39,57.1,0,0,1,0,0,1,0,0.1,13900,950
2023-06-18,25.9,20.8,32.6,6.6,4.1,2,31.6,43,60.5,0,0,1,0,0,1,0,0.1,13900,60
2023-06-19,28.5,23.3,34,7.3,4.3,2.2,32.8,42,57.8,0,0,0,0,0,1,0,0,13900,478
2023-06-20,24.7,21.4,26.4,9.7,5.3,1.9,23.7,51,64.5,0,6.4,0,0,0,1,0,0,13900,476
2023-06-21,20.5,19.2,22.1,6,3.5,2.1,21.9,83,92.6,0,24.9,0,0,0,1,0,0,13900,539
2023-06-22,22.5,18.9,26.4,8.4,4.9,2.2,26.2,61,77.1,0,0,0,0,0,1,0,0,13900,530
2023-06-23,24.4,20,29.9,4.9,3.2,1.5,26.2,50,76.6,0,0,0,0,0,1,0,0,13900,458
2023-06-24,26.4,21.9,31.1,6.8,4,2,27.4,55,70.5,0,0,1,0,0,1,0,0,13900,288
2023-06-25,28.2,22.8,33.1,6.5,4,2.1,30.8,47,64.9,0,0,1,0,0,1,0,0.12,13900,431
2023-06-26,24.2,22.3,27.5,10.2,6,2.9,24,59,88.6,0,30.3,0,0,0,1,0,0.05,13900,410
2023-06-27,25.3,21.4,29.1,11,6.1,3.2,27.6,51,73.1,0,2.5,0,0,0,1,0,0.12,13900,627
2023-06-28,26.5,24.2,30.1,6.8,4.1,2.5,28.5,60,77.4,0,0,0,0,0,1,0,0.25,13900,955
2023-06-29,24.2,23.2,25.9,10.3,4.9,2.3,24.6,85,95.4,0,63.8,0,0,0,1,0,0.05,13900,384
2023-06-30,25.3,23.2,29.1,5.9,3.3,1.8,26.5,72,89.8,0,1,0,0,0,1,0,0.05,13900,90
2023-07-01,27.7,23.3,32.9,7.1,4.5,2,31.2,58,76.9,0,0,1,0,0,1,0,0.05,13900,287
2023-07-02,26.7,23.5,30.6,5.7,3.3,1.9,28.4,64,79.5,0,0,1,0,0,1,0,0.05,13900,68
2023-07-03,29.1,24.1,34.9,6,4.1,1.8,31.8,40,72,0,0,0,0,0,1,0,0.05,13900,417
2023-07-04,26.1,24.5,29.2,9.6,4.9,2.3,26.4,68,86.8,0,61.8,0,0,0,1,0,0.05,13900,419
2023-07-05,24.5,22.1,27.1,14.5,7,3.7,27.3,68,82.6,0,15.3,0,0,0,1,0,0.05,13900,425
2023-07-06,27.3,22.4,31.8,11.6,5.9,2.7,29.6,56,70.9,0,0,0,0,0,1,0,0.09,13900,647
2023-07-07,26.7,23.3,31.4,11.9,5.7,2.3,29.3,46,64.9,0,0,0,0,0,1,0,0.1,13900,512
2023-07-08,25.6,22.4,29.7,6.9,3.9,2.2,27.1,64,76.5,0,0,1,0,0,1,0,0.1,13900,398
2023-07-09,24.7,21.6,27,12.6,6.1,2,27.1,78,86.4,0,47.5,1,0,0,1,0,0.1,13900,118
2023-07-10,26.3,22.9,30.9,16.8,5.8,2.3,27.8,58,80.4,0,11.5,0,0,0,1,0,0.1,13900,478
2023-07-11,23.5,21.6,25.9,8.6,5.2,1.9,23.7,79,92.4,0,58.3,0,0,0,1,0,0.1,13900,530
2023-07-12,25.8,22,29.1,5.3,3.4,1.5,27.1,72,86.4,0,0.7,0,0,0,1,0,0.1,13900,618
2023-07-13,25.2,24.7,26.5,7.2,3.5,1.6,25.2,84,95,0,91.6,0,0,0,1,0,0.09,13900,459
2023-07-14,24.6,23.9,25.1,11,4.8,2.9,24.4,96,99.1,0,72.7,0,0,0,1,0,0.09,15900,383
2023-07-15,24.5,23.7,25.7,11.8,5.8,3,24.6,85,93.5,0,2.3,1,0,0,1,0,0.09,15900,293
2023-07-16,24.6,23.7,25.4,9.2,5,2.3,24.9,80,89.5,0,9.7,1,0,0,1,0,0.27,15900,365
2023-07-17,25.5,23.7,27.8,7.5,4.2,1.7,27.2,76,86.1,0,1.4,0,0,0,1,0,0.09,15900,262
2023-07-18,25.2,24.1,27.7,5.1,3.1,1.4,26.1,75,87.9,0,2.3,0,0,0,1,0,0.09,15900,288
2023-07-19,27.2,22.5,32.4,6.7,4.7,1.7,29.6,55,78.8,0,0,0,0,0,1,0,0.09,15900,293
2023-07-20,27.9,24,32.8,5.6,3.9,1.8,30.2,51,74,0,0,0,0,0,1,0,0.02,15900,228
2023-07-21,29.5,24.6,34.3,6.3,3.5,1.8,30.9,48,69.6,0,0,0,0,0,1,0,0,15900,270
2023-07-22,27.7,24.6,32.5,11.5,5.2,2.6,29.2,51,73.9,0,12.3,1,0,0,1,0,0,15900,130
2023-07-23,25.2,24.5,25.8,9.6,4.4,2.1,25.3,87,94.3,0,40.2,1,0,0,1,0,0.08,15900,236
2023-07-24,26.9,24.6,30,6.4,3.5,2,29,69,83.1,0,0.4,0,0,0,1,0,0,15900,218
2023-07-25,27.8,25.8,30.5,10.1,5.6,2.7,28.9,68,80.5,0,5.6,0,0,0,1,0,0,15900,105
2023-07-26,27.6,24.9,31.1,8.4,4.9,2.2,28.7,69,80.9,0,1,0,0,0,1,0,0,15900,248
2023-07-27,28.4,24.4,32.2,5.7,3.5,1.9,29,59,78.1,0,0,0,0,0,1,0,0,15900,254
2023-07-28,29.5,25.4,34.1,7.7,4.3,2.1,31.2,52,72.4,0,0,0,0,0,1,0,0,15900,217
2023-07-29,29.1,26.1,33.3,8.3,4.8,2,31.3,52,72.1,0,0,1,0,0,1,0,0,15900,144
2023-07-30,28.8,24.9,34.9,9,4.8,1.9,32,49,72.5,0,25,1,0,0,1,0,0.21,15900,403
2023-07-31,28.7,25.6,33.4,6.4,4,1.7,30.1,60,76.3,0,0.3,0,0,0,1,0,0,15900,224
2023-08-01,29.9,25.5,34.2,5.5,3.1,1.9,30.8,55,71.6,0,0,0,0,0,1,0,0,15900,211
2023-08-02,29.7,26.8,33.7,7.9,4.8,2.1,32.6,48,67.8,0,0,0,0,0,1,0,0,15900,274
2023-08-03,29.5,25.8,33.8,6.5,4,2.1,33.5,54,67,0,0,0,0,0,1,0,0,15900,246
2023-08-04,30,26.5,34.4,7.3,3.9,1.9,34.8,53,67.6,0,0,0,0,0,1,0,0,15900,218
2023-08-05,30.3,26.4,34.9,7,4.7,2,36.7,50,69,0,0,1,0,0,1,0,0,15900,150
2023-08-06,29.8,27,33,11.9,7.7,1.7,31.9,63,76.5,0,4.9,1,0,0,1,0,0.26,15900,335
2023-08-07,30.4,27.3,34.6,8.1,4.5,2.7,30.4,56,68.4,0,0,0,0,0,1,0,0,15900,203
2023-08-08,30.9,26.4,35.8,7.8,4.3,2.9,35.3,47,60.5,0,0,0,0,0,1,0,0,15900,224
2023-08-09,28.3,25.1,31.6,10.6,5.9,3.2,30.8,57,67.6,0,0.2,0,0,0,1,0,0,15900,219
2023-08-10,22.2,20.9,25.1,18.1,8.9,3.7,22.8,80,91.9,0,86.1,0,0,0,1,0,0.06,15900,290
2023-08-11,23.5,21.6,24.9,13,6.2,2.3,23.5,83,93.1,0,46.7,0,0,0,1,0,0.07,15900,322
2023-08-12,23.3,22.5,24.1,5.4,3.2,1.9,23.9,82,91,0,1.5,1,0,0,1,0,0.07,15900,183
2023-08-13,27,22.6,31.1,5.6,2.8,1.7,27.4,58,76.9,0,0,1,0,0,1,0,0,15900,0
2023-08-14,28.1,24.8,31.9,6.4,3.9,1.6,28.2,60,75.4,0,0,0,0,0,1,0,0.07,15900,95
2023-08-15,28.6,24.7,32.7,7.1,4.7,2.3,30.9,58,71.4,0,0,1,0,0,1,0,0.07,15900,149
2023-08-16,27.3,24.7,31.6,6.5,3.8,2.1,28.1,58,72,0,0.3,0,0,0,1,0,0.07,15900,175
2023-08-17,28.2,24.5,32.4,6.4,3.2,1.7,29.8,52,73,0,0,0,0,0,1,0,0,15900,100
2023-08-18,29.1,25.5,33.3,6.6,3.9,1.9,32.1,56,72.1,0,0.1,0,0,0,1,0,0,15900,172
2023-08-19,29.1,26.4,33.6,7,4.1,1.9,32.8,54,68.9,0,0,1,0,0,1,0,0,15900,137
2023-08-20,28.3,25.5,31.8,6.1,3.1,1.6,31.3,56,71.8,0,0,1,0,0,1,0,0,15900,111
2023-08-21,29.5,26,33.6,10.1,5.4,2.4,32.6,55,69.8,0,0,0,0,0,1,0,0,15900,198
2023-08-22,27.6,25.8,32.2,11.7,7.2,2.4,28.1,61,80.3,0,42.6,0,0,0,1,0,0,15900,221
2023-08-23,24.8,23.2,27.2,7.6,4.4,2.2,25.8,80,91.3,0,41.8,0,0,0,1,0,0,15900,101
2023-08-24,25.1,22.3,27.8,7.5,4.1,2.8,27.4,75,84.8,0,5.2,0,0,0,1,0,0.08,15900,225
2023-08-25,26.5,24,30,8.3,4.7,2.6,29.3,60,77.9,0,0,0,0,0,1,0,0.1,15900,275
2023-08-26,26.4,23.3,30.3,6.8,4,1.8,29.3,49,72.3,0,0,1,0,0,1,0,0.1,15900,149
2023-08-27,26.1,22.7,29.6,5.4,3.2,1.8,27,62,75,0,0,1,0,0,1,0,0,15900,0
2023-08-28,22.7,20.8,25.6,9.4,5.1,3.3,23.1,73,87.5,0,10.4,0,0,0,1,0,0.11,15900,373
2023-08-29,23.9,22.5,25.5,9.6,3.9,2.1,24.3,80,89.6,0,54.8,0,0,0,1,0,0.11,14300,350
2023-08-30,22.8,21.5,24.5,3.5,2.4,1.1,23.5,75,88,0,3.5,0,0,0,1,0,0.11,14300,348
2023-08-31,23.9,21,28.9,5.8,3.5,1.3,26,48,76.9,0,0,0,0,0,1,0,0.11,14300,696
2023-09-01,24.5,19.7,29.6,6.4,3.7,2,26.8,42,70.6,0,0,0,0,0,0,1,0,14300,173
2023-09-02,25.4,19.7,30.8,5.6,3.7,1.6,28.1,39,63.9,0,0,1,0,0,0,1,0,14300,260
2023-09-03,25.8,23.1,28.8,5.9,3.3,2.2,26.3,67,77.8,0,0.1,1,0,0,0,1,0,14300,40
2023-09-04,27,24.3,30.2,5.5,3.5,1.8,27.5,65,79.9,0,0.3,0,0,0,0,1,0,14300,199
2023-09-05,28.5,25,32.8,6.3,3.9,1.8,30.1,54,69.5,0,0,0,0,0,0,1,0,15900,193
2023-09-06,27.9,24,32.1,8.2,4.4,2.4,31.7,45,65.1,0,0,0,0,0,0,1,0,15900,193
2023-09-07,26.3,20.9,31.6,8,4.4,2.5,30.5,37,54.8,0,0,0,0,0,0,1,0.07,15900,324
2023-09-08,25.3,19.6,30.5,7.1,4.5,2.3,30.1,42,60.3,0,0,0,0,0,0,1,0.08,15900,484
2023-09-09,25.8,20.8,31.2,6.3,4.1,1.8,30.5,45,66.3,0,0,1,0,0,0,1,0.08,15900,291
2023-09-10,25.7,22,29.6,6.2,3.4,1.6,29.6,53,68.1,0,0,1,0,0,0,1,0.13,15900,309
2023-09-11,25.5,23.1,29.8,5.8,3.8,1.9,28.7,50,67.3,0,0,0,0,0,0,1,0.08,15900,322
2023-09-12,25.7,21.7,29.8,5.4,3.4,1.5,28.9,55,69.8,0,0,0,0,0,0,1,0.08,15900,400
2023-09-13,22.1,19.6,24.6,7.7,4.2,1.8,22.7,70,84.5,0,15.9,0,0,0,0,1,0.08,15900,381
2023-09-14,23.4,19.2,27.2,9.3,4.1,2.4,24,60,72.4,0,0,0,0,0,0,1,0.07,15900,411
2023-09-15,22.3,20.3,24.3,7.6,3.9,2.6,22.6,67,82.3,0,2.1,0,0,0,0,1,0.08,15900,405
2023-09-16,23.9,22,26.6,4.5,2.6,1.7,24.7,76,87.8,0,38.7,1,0,0,0,1,0.08,15900,316
2023-09-17,24.7,22,28,5.5,3.3,1.4,26.3,68,84.8,0,3,1,0,0,0,1,0.25,15900,567
2023-09-18,24.7,22.1,28.9,7.7,5,1.9,25,58,79.1,0,0,0,0,0,0,1,0.08,15900,446
2023-09-19,24.1,21.6,27.2,5.5,3.6,1.6,24.5,62,81.1,0,0,0,0,0,0,1,0.08,15900,415
2023-09-20,20.6,18.8,23.9,9.9,5.1,2.7,21.6,80,90.4,0,35.8,0,0,0,0,1,0.08,15900,301
2023-09-21,20.1,17.5,23.6,10.6,5.2,2.3,21.6,53,70.9,0,0,0,0,0,0,1,0.07,15900,293
2023-09-22,20.5,15.2,26.7,5.6,3.3,1.7,21.8,37,68.4,0,0,0,0,0,0,1,0.08,15900,415
2023-09-23,21.8,16.3,27.6,9.4,4.6,2.5,22.5,38,63.9,0,0,1,0,0,0,1,0.08,15900,275
2023-09-24,21.8,17.9,26.2,8.4,4.7,2.9,23.2,37,56.4,0,0,1,0,0,0,1,0.08,15900,100
2023-09-25,21.6,17.9,26,6.2,3.4,2.3,22.1,49,66.4,0,1.9,0,0,0,0,1,0.08,15900,271
2023-09-26,19.9,18.6,20.8,5.7,3.5,2.4,20.3,87,95.8,0,27.8,0,0,0,0,1,0.08,15900,101
2023-09-27,21.5,20,23.7,5.6,3.1,1.8,22.6,81,90.1,0,4.4,0,0,0,0,1,0.08,15900,145
2023-09-28,22.7,19.6,27.3,7.2,3.7,2,24.3,54,78.3,0,0,1,0,0,0,1,0.01,15900,75
2023-09-29,21.1,17.4,26.9,6.4,3.9,1.4,22.3,33,61.5,0,0,1,0,0,0,1,0,15900,0
2023-09-30,19.7,17.1,22.2,9.9,5.1,2.2,21,64,77,0,4.5,1,0,0,0,1,0,15900,0
2023-10-01,18.4,14.4,23.7,8.5,4.3,2.4,19.3,34,59.5,0,0,1,0,0,0,1,0,15900,0
2023-10-02,18.2,12.9,24.6,8.5,5.1,1.7,19,27,53.8,0,0,1,0,0,0,1,0,15900,0
2023-10-03,17.5,14.4,22.5,5,3,1.7,18.4,47,66.3,0,0,1,0,0,0,1,0,15900,170
2023-10-04,17.3,14.2,23.2,11.3,6.4,2.1,17.9,53,75.5,0,14.7,0,0,0,0,1,0,15900,235
2023-10-05,14.2,9.9,19.2,7.8,4.4,2.6,15.5,34,46.1,0,0,0,0,0,0,1,0,15900,279
2023-10-06,15.5,9.6,21.5,6.1,3.3,1.6,16.4,33,55.3,0,0,0,0,0,0,1,0,15900,233
2023-10-07,16.8,11.7,21.2,6,3.6,2.1,16,42,62.6,0,0,1,0,0,0,1,0,15900,176
2023-10-08,17.1,15.2,19.5,6.6,3.5,2.5,16.1,61,67.1,0,0,1,0,0,0,1,0.19,15900,505
2023-10-09,17.4,14.1,22.4,7.7,4.5,1.9,18.3,51,68.1,0,1.2,1,0,0,0,1,0,15900,217
2023-10-10,17.1,11.9,23.5,6.3,3.3,1.6,18.3,36,67.1,0,0,0,0,0,0,1,0,15900,232
2023-10-11,17.6,12.9,24,6.1,2.9,1.7,17.7,33,57.5,0,0,0,0,0,0,1,0,15900,281
2023-10-12,17.5,12,24.1,4.6,2.9,1.5,16.9,40,62.4,0,0,0,0,0,0,1,0,15900,260
2023-10-13,17.5,14.3,21.5,4.8,3.2,1.5,16.5,50,69.6,0,0,0,0,0,0,1,0.07,15900,492
2023-10-14,14.7,12.9,18.2,4.8,3,1.4,16.3,68,84.9,0,5.8,1,0,0,0,1,0.08,15900,573
2023-10-15,16.1,10.9,21.2,8.2,4.3,2,16.1,52,80,0,0,1,0,0,0,1,0,15900,0
2023-10-16,14.7,10.7,19.6,6.3,3.8,2.4,15.9,33,57,0,0,0,0,0,0,1,0,15900,252
2023-10-17,13.8,7.5,20.9,5.1,2.9,1.6,14.6,26,55.6,0,0,0,0,0,0,1,0,15900,250
2023-10-18,15.7,9.2,21.6,8.1,4.7,2.1,15.8,39,67,0,0,0,0,0,0,1,0,14900,309
2023-10-19,17,14.9,18.9,6.4,3.9,1.5,16.6,65,82.5,0,8.2,0,0,0,0,1,0,14900,265
2023-10-20,11.6,7.2,15.1,12.1,6.4,3.2,13.4,32,46.9,0,0,0,0,0,0,1,0,14900,296
2023-10-21,10.4,5.9,16.6,9.9,5.6,2.3,11.1,31,54.8,0,1.1,1,0,0,0,1,0.07,14900,366
2023-10-22,12.5,5.4,18.7,6.9,4.6,1.7,12.5,42,67.3,0,0,1,0,0,0,1,0.07,14900,267
2023-10-23,15.2,11.1,21.4,5.9,3.4,1.7,14.3,47,73.8,0,0,0,0,0,0,1,0,14900,300
2023-10-24,15.6,11.2,19.3,5.8,3.4,1.7,14.9,62,78.5,0,0,0,0,0,0,1,0,14900,264
2023-10-25,16.6,12.7,21.9,4.4,3,1.4,16.2,53,78.6,0,0,0,0,0,0,1,0,14900,259
2023-10-26,17.2,14.6,21.1,8.7,4.8,2.1,16.8,67,79.4,0,0,0,0,0,0,1,0,14900,314
2023-10-27,15.7,12.6,20.2,6.1,3.6,1.9,16.5,49,71.1,0,0,0,0,0,0,1,0,14900,251
2023-10-28,14.2,9.4,20.7,5,2.8,1.4,14.6,27,62.9,0,0,1,0,0,0,1,0,14900,281
2023-10-29,14.9,9.8,21.8,5.8,2.8,1.7,14.9,34,61.6,0,0,1,0,0,0,1,0,14900,220
2023-10-30,15.1,9.7,21.9,5.3,3.1,1.7,14.8,44,72,0,0,0,0,0,0,1,0,14900,381
2023-10-31,16.5,12.7,20.8,7.2,3.9,1.8,16.4,54,76,0,0,0,0,0,0,1,0,14900,355
