491,11248,26451,30557,30559,31391,35353,56791,60255,68232,hour,DATE
31.5,49.75,26.25,25.25,53.0,24.0,10.25,49.75,30.75,29.25,0.0,2021-07-01
10.0,18.25,6.75,6.25,17.25,5.25,5.25,13.25,8.25,6.25,2.0,2021-07-01
3.25,8.25,3.75,4.75,6.5,2.25,2.0,8.75,5.25,1.5,4.0,2021-07-01
15.5,14.0,13.75,14.0,22.25,9.75,4.25,28.25,15.0,9.5,6.0,2021-07-01
37.25,27.5,24.25,31.5,49.25,18.0,15.5,55.25,32.0,23.5,8.0,2021-07-01
50.5,38.5,42.5,41.5,72.0,24.25,18.25,80.75,55.75,38.75,10.0,2021-07-01
101.5,75.5,44.75,68.75,80.0,29.25,54.75,98.25,59.75,52.0,12.0,2021-07-01
121.5,61.75,50.75,66.5,93.5,28.5,33.5,135.75,57.75,50.0,14.0,2021-07-01
158.75,62.5,59.75,70.5,111.25,44.0,24.75,129.5,77.25,56.5,16.0,2021-07-01
192.0,77.75,78.5,89.75,130.75,48.5,27.25,166.75,87.25,73.0,18.0,2021-07-01
258.25,99.0,103.5,122.0,193.5,61.5,17.75,144.25,89.0,72.5,20.0,2021-07-01
317.75,164.25,115.0,134.5,201.75,80.0,52.0,58.0,123.25,92.75,22.0,2021-07-01
39.75,25.5,15.5,18.0,23.75,11.75,8.0,25.0,18.5,18.75,0.0,2021-07-02
12.5,6.75,5.0,3.5,5.75,3.0,2.25,5.5,3.75,5.0,2.0,2021-07-02
9.25,5.0,2.75,3.75,3.75,3.75,1.0,4.25,5.5,3.0,4.0,2021-07-02
20.5,10.25,10.25,9.5,14.75,7.0,3.5,13.75,11.25,7.75,6.0,2021-07-02
60.0,24.0,18.25,29.5,34.25,14.0,9.5,40.25,26.5,17.5,8.0,2021-07-02
70.5,26.75,25.0,39.75,60.5,19.0,11.5,51.25,43.75,42.0,10.0,2021-07-02
81.25,34.5,29.75,39.75,68.5,16.5,11.75,57.75,33.25,39.5,12.0,2021-07-02
73.25,32.75,40.0,47.25,78.0,21.75,21.25,60.75,39.5,48.0,14.0,2021-07-02
108.75,40.5,36.75,56.0,101.25,29.25,18.5,81.5,52.25,55.75,16.0,2021-07-02
155.5,64.0,48.75,76.0,136.5,38.5,14.25,110.0,63.0,72.0,18.0,2021-07-02
214.5,65.0,67.75,108.5,222.0,49.75,9.75,186.5,74.5,101.75,20.0,2021-07-02
214.75,81.25,59.0,107.75,230.5,49.75,8.25,187.25,72.0,108.75,22.0,2021-07-02
24.25,10.0,7.25,8.25,15.25,6.0,3.75,13.0,11.25,10.75,0.0,2021-07-03
10.75,2.75,2.5,3.5,6.5,2.0,1.5,4.25,4.0,3.5,2.0,2021-07-03
4.25,2.5,1.25,2.5,3.5,0.5,0.5,1.75,3.75,2.25,4.0,2021-07-03
12.0,7.75,3.75,4.25,5.75,1.75,0.5,7.0,2.5,5.0,6.0,2021-07-03
19.25,5.25,8.5,12.75,18.25,3.25,3.0,17.0,12.0,11.75,8.0,2021-07-03
39.0,13.5,14.25,20.75,41.5,8.75,7.0,34.25,16.75,22.25,10.0,2021-07-03
45.5,19.0,16.5,22.0,42.0,10.75,5.5,32.0,19.0,22.25,12.0,2021-07-03
49.25,25.25,22.5,30.25,52.25,12.25,4.75,47.25,24.25,28.5,14.0,2021-07-03
89.75,24.5,37.0,46.5,96.75,22.75,4.75,82.5,32.25,39.0,16.0,2021-07-03
122.0,45.5,57.0,70.25,152.75,31.5,5.75,121.0,45.5,57.75,18.0,2021-07-03
217.25,68.75,99.25,124.5,255.5,54.25,8.0,195.25,58.0,76.5,20.0,2021-07-03
160.25,54.25,61.0,84.0,171.75,36.25,17.5,132.75,45.5,58.0,22.0,2021-07-03
40.5,15.25,8.25,14.5,21.75,9.5,6.5,21.25,9.25,15.5,0.0,2021-07-04
13.25,9.5,3.0,3.0,7.25,4.25,1.75,5.75,6.75,6.25,2.0,2021-07-04
8.25,8.5,2.75,1.25,4.75,2.0,1.0,3.25,2.5,3.25,4.0,2021-07-04
23.0,9.25,1.5,9.0,9.0,5.5,2.5,8.5,4.0,7.5,6.0,2021-07-04
42.75,9.0,11.5,16.5,33.25,6.25,6.25,34.0,13.5,11.75,8.0,2021-07-04
45.5,25.25,16.5,26.5,48.5,10.25,8.25,52.0,28.0,31.5,10.0,2021-07-04
70.5,32.0,24.5,31.5,63.0,14.25,9.0,63.25,33.0,31.75,12.0,2021-07-04
89.5,36.5,35.25,49.25,80.25,19.75,12.75,88.5,31.5,37.25,14.0,2021-07-04
113.5,44.25,52.25,57.5,117.0,27.0,11.5,134.0,37.5,51.75,16.0,2021-07-04
171.5,55.5,70.75,83.5,163.5,38.25,15.0,78.0,59.25,67.25,18.0,2021-07-04
242.5,88.5,112.0,125.0,257.0,58.5,10.5,0.0,73.75,78.25,20.0,2021-07-04
255.25,109.0,100.25,119.75,243.0,62.25,20.5,10.0,70.0,100.25,22.0,2021-07-04
48.75,25.5,15.5,23.75,30.5,12.75,12.75,31.0,19.5,27.0,0.0,2021-07-05
15.75,9.0,4.0,4.0,9.75,3.0,2.75,10.5,4.5,8.0,2.0,2021-07-05
5.25,3.75,2.0,5.0,3.75,2.0,1.25,4.75,2.75,3.25,4.0,2021-07-05
17.5,13.75,7.25,9.75,11.0,4.75,4.0,13.75,9.0,9.25,6.0,2021-07-05
52.0,18.0,11.25,16.25,32.5,8.0,7.75,39.0,21.0,24.75,8.0,2021-07-05
70.75,32.0,27.0,33.0,57.75,16.25,15.25,58.25,32.5,45.75,10.0,2021-07-05
151.25,86.0,47.75,70.5,123.0,39.75,14.5,146.5,63.25,67.0,12.0,2021-07-05
164.5,61.0,55.25,65.25,127.0,28.0,17.75,138.25,50.25,48.0,14.0,2021-07-05
177.25,55.5,62.75,71.5,143.5,41.25,14.25,151.5,50.25,49.75,16.0,2021-07-05
241.75,89.25,92.5,107.25,203.25,61.5,14.5,208.5,77.75,70.75,18.0,2021-07-05
274.5,94.0,109.75,132.0,277.75,71.75,10.25,172.0,80.75,73.25,20.0,2021-07-05
383.0,189.5,135.0,169.25,310.75,83.75,22.0,38.0,116.75,103.25,22.0,2021-07-05
59.75,44.25,18.5,23.75,43.5,13.75,11.5,36.0,18.25,23.25,0.0,2021-07-06
23.5,19.25,4.5,8.0,11.0,6.5,5.0,9.5,5.75,6.0,2.0,2021-07-06
11.0,6.75,4.0,6.0,7.5,3.0,2.0,6.75,5.25,4.5,4.0,2021-07-06
22.5,10.0,7.5,9.25,20.75,3.75,5.0,17.75,9.75,8.5,6.0,2021-07-06
64.75,26.25,20.0,28.25,47.25,11.75,8.75,45.75,18.5,21.25,8.0,2021-07-06
118.25,74.75,37.0,43.75,97.75,27.0,46.75,103.0,59.75,50.25,10.0,2021-07-06
145.75,72.75,46.5,58.25,122.75,25.25,39.5,128.5,63.25,57.75,12.0,2021-07-06
133.0,62.0,48.5,45.5,99.75,30.5,19.75,109.25,53.0,38.5,14.0,2021-07-06
155.75,79.75,56.75,64.5,123.0,33.0,24.0,127.25,59.75,53.25,16.0,2021-07-06
176.5,82.5,70.5,80.75,163.0,43.25,19.0,176.0,64.75,62.75,18.0,2021-07-06
235.0,123.25,93.0,125.25,225.0,58.75,13.0,48.75,67.5,55.5,20.0,2021-07-06
301.75,139.0,118.25,142.25,279.75,53.5,22.75,29.25,98.5,93.0,22.0,2021-07-06
74.0,38.0,20.5,26.25,49.5,14.75,11.75,42.5,21.5,22.25,0.0,2021-07-07
16.5,17.75,7.0,5.75,12.5,7.0,7.75,11.5,8.25,11.0,2.0,2021-07-07
10.0,6.25,3.75,5.0,7.0,5.0,4.25,6.25,4.0,4.25,4.0,2021-07-07
18.25,14.25,10.25,12.5,22.0,6.0,3.75,17.75,9.0,12.75,6.0,2021-07-07
73.0,31.75,21.25,29.5,51.25,12.5,8.75,53.0,16.75,20.5,8.0,2021-07-07
95.0,51.0,33.0,34.5,80.25,25.75,14.0,88.25,48.0,47.0,10.0,2021-07-07
148.75,78.5,57.0,49.75,118.75,27.25,22.25,152.5,61.25,64.5,12.0,2021-07-07
140.0,54.0,52.0,41.25,113.25,21.5,18.25,129.25,52.75,44.5,14.0,2021-07-07
199.75,70.5,72.25,69.5,166.0,27.25,13.5,169.0,65.25,62.0,16.0,2021-07-07
222.75,101.25,89.25,82.5,164.5,30.5,17.0,139.0,85.5,76.25,18.0,2021-07-07
268.5,123.25,119.75,111.25,235.0,73.0,10.75,109.5,91.75,79.0,20.0,2021-07-07
317.5,139.5,115.75,105.5,227.5,65.75,26.75,43.0,111.5,107.0,22.0,2021-07-07
51.0,34.75,22.5,20.75,41.25,13.5,14.25,36.75,20.0,26.0,0.0,2021-07-08
14.25,9.25,5.5,3.0,11.25,4.25,5.0,8.25,6.5,5.75,2.0,2021-07-08
7.25,7.25,4.5,2.75,6.5,3.0,4.5,9.25,4.5,4.75,4.0,2021-07-08
32.0,12.5,11.75,13.25,19.75,5.0,10.25,20.5,13.25,9.5,6.0,2021-07-08
58.5,24.0,23.5,21.5,49.0,12.75,16.0,47.75,21.5,22.25,8.0,2021-07-08
110.25,52.0,44.75,41.25,82.0,23.75,15.0,89.75,44.75,52.25,10.0,2021-07-08
105.5,48.25,37.25,37.5,95.5,21.5,12.25,84.5,40.25,37.75,12.0,2021-07-08
113.5,39.75,39.25,44.5,104.5,21.25,16.75,89.5,40.25,40.5,14.0,2021-07-08
198.25,80.75,75.0,65.0,186.5,44.5,18.75,164.5,89.75,78.25,16.0,2021-07-08
221.5,88.0,73.5,79.5,203.25,46.25,18.75,185.75,76.75,68.75,18.0,2021-07-08
269.0,100.25,111.5,109.0,230.75,60.25,13.0,220.25,73.25,67.25,20.0,2021-07-08
339.75,173.25,116.5,125.75,285.25,73.25,24.25,73.0,109.75,109.75,22.0,2021-07-08
50.75,25.5,9.75,13.5,39.25,10.75,6.5,25.25,18.5,18.5,0.0,2021-07-09
10.75,10.25,5.25,3.25,11.5,3.75,3.75,5.25,5.5,4.5,2.0,2021-07-09
8.75,1.5,3.25,4.0,7.0,2.75,0.0,5.0,2.0,1.75,4.0,2021-07-09
19.75,12.75,8.0,9.75,20.0,4.75,2.25,19.25,13.0,11.75,6.0,2021-07-09
47.5,19.25,23.0,22.0,50.0,11.5,6.25,40.75,22.25,21.5,8.0,2021-07-09
82.5,46.75,42.0,41.75,110.25,29.0,16.75,77.5,44.5,35.75,10.0,2021-07-09
106.25,39.0,46.25,55.25,125.5,25.25,16.5,100.25,46.25,40.25,12.0,2021-07-09
101.5,37.5,52.0,50.75,119.5,33.75,17.0,102.5,41.25,40.25,14.0,2021-07-09
127.25,51.5,57.25,61.0,152.0,37.5,14.5,118.0,46.75,46.25,16.0,2021-07-09
154.75,71.25,78.5,79.5,202.5,50.25,17.25,162.75,69.25,72.0,18.0,2021-07-09
236.25,87.75,107.25,119.0,275.5,65.5,10.0,247.25,81.75,80.75,20.0,2021-07-09
194.5,82.75,88.5,99.75,245.5,59.0,11.75,57.0,68.25,73.75,22.0,2021-07-09
20.0,11.5,8.75,9.25,17.5,8.5,4.25,16.25,6.75,6.0,0.0,2021-07-10
5.5,3.25,4.25,2.25,5.0,5.5,1.5,6.5,3.25,2.0,2.0,2021-07-10
3.5,1.25,2.75,2.75,3.0,2.5,1.25,2.75,1.0,2.5,4.0,2021-07-10
4.0,2.75,3.75,5.75,10.75,3.0,1.75,9.0,3.0,2.75,6.0,2021-07-10
27.5,5.75,11.5,12.75,26.0,4.25,4.0,28.5,11.0,7.75,8.0,2021-07-10
45.75,27.25,22.0,21.0,53.0,10.25,5.75,47.75,15.5,8.5,10.0,2021-07-10
52.5,20.0,19.5,25.5,61.75,13.25,5.25,51.5,19.75,18.75,12.0,2021-07-10
50.5,30.0,33.25,34.0,72.75,16.75,3.25,68.5,16.0,14.25,14.0,2021-07-10
77.25,36.25,44.0,44.75,109.5,22.75,5.0,88.5,28.0,22.5,16.0,2021-07-10
114.75,37.0,56.25,55.5,142.25,30.0,9.75,121.0,35.75,32.0,18.0,2021-07-10
192.5,74.75,108.5,105.25,265.75,50.0,8.0,222.5,63.75,50.25,20.0,2021-07-10
148.25,63.5,72.25,86.25,190.0,40.25,19.0,150.25,55.5,40.75,22.0,2021-07-10
35.75,21.75,11.25,15.0,32.0,8.75,11.25,24.75,15.0,14.5,0.0,2021-07-11
13.25,9.0,4.5,3.75,8.5,4.25,3.75,8.75,5.25,5.75,2.0,2021-07-11
7.0,2.25,4.0,1.5,2.25,1.75,2.0,3.0,1.75,1.0,4.0,2021-07-11
9.0,10.0,3.25,5.0,13.0,2.75,2.75,10.75,5.0,4.5,6.0,2021-07-11
34.75,17.5,11.25,14.0,32.25,6.25,7.25,28.0,11.75,12.5,8.0,2021-07-11
57.75,33.5,22.25,24.25,57.75,15.25,11.75,56.75,24.5,22.75,10.0,2021-07-11
72.5,36.25,24.5,27.0,81.5,16.5,12.0,59.25,32.0,24.25,12.0,2021-07-11
83.75,37.75,35.0,33.5,86.75,21.75,11.25,91.0,32.25,20.5,14.0,2021-07-11
117.25,61.25,50.25,66.25,126.25,31.5,12.75,110.5,42.5,34.5,16.0,2021-07-11
147.5,72.0,80.5,87.0,184.25,45.75,15.5,0.0,58.25,38.5,18.0,2021-07-11
238.75,102.5,114.5,123.0,303.25,71.5,11.75,0.0,82.5,53.75,20.0,2021-07-11
281.5,139.5,104.5,120.25,276.25,39.5,20.25,18.0,79.75,62.5,22.0,2021-07-11
46.0,29.0,12.25,15.75,43.5,10.75,9.25,26.0,19.5,10.25,0.0,2021-07-12
7.25,8.25,3.75,5.25,13.75,3.25,4.0,5.75,5.25,2.75,2.0,2021-07-12
3.75,7.75,3.0,2.5,4.75,1.5,2.0,3.75,3.0,1.25,4.0,2021-07-12
16.75,7.0,4.5,8.5,19.25,4.25,4.5,14.75,4.25,4.5,6.0,2021-07-12
48.75,16.5,9.0,23.0,43.0,10.75,7.25,34.75,10.0,7.25,8.0,2021-07-12
104.5,41.0,21.5,33.75,82.75,17.75,12.75,65.25,36.5,26.0,10.0,2021-07-12
150.0,89.75,38.75,64.0,151.25,29.25,20.75,119.75,51.5,38.5,12.0,2021-07-12
176.0,75.0,49.5,78.75,185.0,40.0,17.75,167.5,47.75,48.25,14.0,2021-07-12
206.25,101.25,59.5,89.75,222.25,54.25,15.25,206.5,53.5,60.25,16.0,2021-07-12
227.75,97.0,76.25,110.0,267.25,56.0,15.5,238.25,64.75,69.75,18.0,2021-07-12
258.0,171.25,110.25,160.75,392.25,85.5,15.75,102.75,82.75,76.25,20.0,2021-07-12
241.0,144.75,69.25,119.75,242.25,72.0,21.5,27.5,74.75,79.25,22.0,2021-07-12
53.75,35.5,12.0,29.25,54.0,13.75,12.0,36.0,19.25,18.5,0.0,2021-07-13
13.75,5.5,4.0,5.75,17.25,4.25,4.0,9.5,6.5,4.75,2.0,2021-07-13
8.25,6.25,1.25,4.25,7.0,1.0,1.5,4.25,2.25,3.25,4.0,2021-07-13
28.0,12.5,6.5,9.5,24.5,6.75,3.0,20.75,9.0,6.75,6.0,2021-07-13
56.25,30.5,13.25,25.75,59.5,13.0,11.0,43.25,17.75,17.5,8.0,2021-07-13
112.25,61.25,33.0,39.25,103.25,21.25,15.0,88.75,34.25,39.0,10.0,2021-07-13
135.75,95.25,39.25,59.5,135.75,33.75,42.25,134.25,54.75,49.75,12.0,2021-07-13
99.75,57.25,23.0,39.5,94.5,18.75,33.0,89.75,40.5,31.0,14.0,2021-07-13
172.5,75.75,57.25,78.75,172.75,33.5,45.75,150.5,55.5,60.0,16.0,2021-07-13
197.0,90.0,59.75,95.0,227.25,55.25,50.25,200.25,58.75,59.0,18.0,2021-07-13
277.0,122.75,99.0,133.75,212.25,62.0,52.0,116.75,75.5,66.25,20.0,2021-07-13
250.0,144.0,84.0,123.25,253.25,68.5,62.25,19.5,77.25,96.75,22.0,2021-07-13
69.0,33.25,14.5,24.75,55.25,16.75,24.5,40.25,15.5,19.0,0.0,2021-07-14
24.5,12.5,4.25,3.75,20.25,5.75,8.0,11.25,3.5,6.75,2.0,2021-07-14
18.0,4.5,3.0,5.5,8.5,2.5,4.0,8.75,4.0,2.25,4.0,2021-07-14
18.75,17.25,6.25,10.25,26.75,5.0,4.75,22.25,9.5,13.5,6.0,2021-07-14
63.5,33.75,15.75,32.25,62.0,15.25,10.0,53.0,22.25,21.25,8.0,2021-07-14
73.75,46.0,31.75,44.0,92.5,25.0,13.0,78.25,37.0,39.25,10.0,2021-07-14
98.75,52.5,30.25,43.75,95.25,24.0,23.5,76.75,32.0,37.75,12.0,2021-07-14
102.5,53.75,29.25,41.75,93.0,24.25,43.0,80.0,34.5,28.75,14.0,2021-07-14
179.75,73.5,49.5,77.75,189.25,45.0,96.75,163.25,59.75,61.25,16.0,2021-07-14
207.25,88.0,64.0,93.25,206.0,49.75,122.75,193.5,72.0,60.25,18.0,2021-07-14
293.25,115.0,99.75,136.0,300.5,72.75,88.75,279.75,76.0,74.5,20.0,2021-07-14
318.0,163.25,94.75,149.5,318.75,71.25,121.25,84.0,87.75,85.75,22.0,2021-07-14
50.75,29.0,8.75,20.5,42.5,12.75,84.25,30.25,19.25,22.25,0.0,2021-07-15
13.75,12.75,4.5,6.25,12.0,4.0,30.25,13.0,4.75,5.25,2.0,2021-07-15
7.75,3.0,3.25,4.25,8.25,3.0,13.5,4.5,3.25,3.75,4.0,2021-07-15
33.5,14.5,7.5,9.5,27.25,8.75,27.25,22.5,10.0,8.5,6.0,2021-07-15
57.25,32.0,13.75,28.75,51.0,19.0,53.75,44.0,24.75,25.75,8.0,2021-07-15
94.75,47.25,33.75,51.0,99.25,24.25,102.0,84.75,35.75,44.5,10.0,2021-07-15
80.0,71.75,38.5,58.25,132.75,32.0,128.25,123.5,49.25,46.5,12.0,2021-07-15
115.5,59.5,35.25,58.5,129.0,28.75,105.0,111.25,31.5,37.75,14.0,2021-07-15
100.25,80.5,46.75,71.25,159.75,38.25,112.75,141.75,62.0,70.75,16.0,2021-07-15
131.75,90.0,77.0,98.5,212.25,57.0,136.25,188.25,72.75,76.75,18.0,2021-07-15
182.25,102.0,103.5,131.5,301.75,77.75,95.25,290.75,79.5,99.25,20.0,2021-07-15
165.25,129.75,73.75,130.0,273.25,81.0,160.75,137.25,79.75,116.75,22.0,2021-07-15
31.5,23.0,9.0,14.5,35.0,9.25,94.75,25.0,15.5,18.5,0.0,2021-07-16
13.0,7.75,3.25,6.25,13.5,4.75,44.5,10.0,5.25,7.25,2.0,2021-07-16
7.25,5.0,2.25,3.25,6.5,3.25,12.5,4.5,4.0,1.5,4.0,2021-07-16
16.75,15.0,6.0,13.25,22.5,7.5,35.75,22.0,10.5,12.5,6.0,2021-07-16
49.75,22.25,12.75,33.5,48.25,16.25,62.25,43.0,22.25,23.25,8.0,2021-07-16
58.75,27.5,26.75,43.0,84.0,18.75,42.0,72.5,28.75,43.5,10.0,2021-07-16
62.75,26.5,23.75,45.75,89.75,22.75,48.5,74.5,33.75,43.5,12.0,2021-07-16
70.25,49.75,31.25,62.5,113.5,26.25,57.75,88.0,33.0,45.25,14.0,2021-07-16
87.5,52.0,43.0,68.25,137.5,32.25,92.5,115.0,47.75,66.25,16.0,2021-07-16
126.75,84.25,61.75,102.5,199.75,47.5,107.0,152.75,56.75,88.0,18.0,2021-07-16
125.75,88.25,98.0,128.75,289.5,77.75,98.5,242.75,76.25,89.25,20.0,2021-07-16
98.75,83.0,65.5,100.0,211.0,55.5,80.75,187.75,56.5,71.0,22.0,2021-07-16
10.5,11.75,5.5,7.5,17.25,6.5,22.5,12.0,9.75,10.5,0.0,2021-07-17
6.25,4.5,3.0,4.5,5.25,3.25,7.75,5.0,1.5,4.75,2.0,2021-07-17
2.5,1.75,1.75,0.75,4.25,0.0,5.75,1.5,1.75,2.75,4.0,2021-07-17
5.0,4.0,3.5,8.0,11.5,2.75,8.0,9.0,4.75,3.0,6.0,2021-07-17
22.5,10.75,9.0,18.75,32.75,4.5,20.5,27.25,11.75,10.5,8.0,2021-07-17
25.25,15.25,14.5,21.0,43.5,8.5,30.75,40.25,13.0,21.5,10.0,2021-07-17
33.75,22.5,21.25,26.0,45.0,13.75,28.5,47.75,23.25,16.75,12.0,2021-07-17
42.75,21.0,29.5,32.25,66.25,16.0,37.5,61.25,19.5,22.5,14.0,2021-07-17
56.0,33.5,29.75,46.5,107.25,21.25,39.0,77.5,21.0,29.25,16.0,2021-07-17
68.75,39.5,41.25,64.25,131.0,31.5,50.25,110.25,35.25,40.5,18.0,2021-07-17
111.5,65.5,75.25,106.5,255.0,63.5,62.0,183.0,41.75,61.0,20.0,2021-07-17
124.75,72.0,64.25,91.75,215.25,53.5,97.0,158.5,50.75,61.25,22.0,2021-07-17
22.25,17.75,8.75,10.25,30.25,9.25,44.5,21.5,11.0,15.0,0.0,2021-07-18
7.75,9.25,3.5,4.0,8.25,2.75,20.25,7.75,4.0,5.5,2.0,2021-07-18
2.0,3.5,1.0,2.5,6.75,2.25,9.75,3.75,1.5,2.0,4.0,2021-07-18
10.0,4.75,3.25,5.5,9.0,2.75,16.25,9.75,7.5,8.75,6.0,2021-07-18
25.5,19.25,8.25,17.5,33.5,7.75,53.5,29.0,13.25,12.75,8.0,2021-07-18
39.5,33.5,16.0,25.25,48.0,15.75,69.75,54.75,27.75,22.25,10.0,2021-07-18
42.0,41.75,19.75,35.25,56.5,12.5,56.25,61.5,25.25,26.5,12.0,2021-07-18
57.75,36.5,24.25,42.75,73.0,17.5,72.25,82.5,25.0,29.75,14.0,2021-07-18
81.75,64.5,36.5,68.75,122.0,32.0,87.5,125.75,34.5,40.0,16.0,2021-07-18
105.25,72.25,47.5,77.5,175.75,47.5,96.0,179.5,43.75,50.75,18.0,2021-07-18
172.25,99.25,87.5,122.75,278.0,55.5,125.0,170.75,53.75,69.5,20.0,2021-07-18
165.0,115.5,69.5,105.5,268.75,66.75,158.75,15.5,58.25,90.5,22.0,2021-07-18
29.5,23.25,11.5,17.75,45.25,12.25,97.75,39.75,17.75,26.25,0.0,2021-07-19
11.75,13.75,5.25,4.25,12.25,3.75,37.25,9.25,6.25,8.25,2.0,2021-07-19
5.5,4.75,2.5,2.0,7.5,3.5,16.25,4.0,5.0,4.0,4.0,2021-07-19
14.25,8.75,5.0,8.75,16.0,7.75,27.25,16.75,5.25,11.5,6.0,2021-07-19
33.25,23.75,14.75,24.0,42.75,9.0,53.0,45.0,16.75,19.25,8.0,2021-07-19
59.5,46.25,26.75,40.5,85.25,20.75,96.5,84.25,33.75,52.5,10.0,2021-07-19
99.75,85.25,48.5,66.5,155.75,33.25,98.25,150.0,69.5,109.25,12.0,2021-07-19
92.25,71.75,45.75,66.25,147.0,34.5,95.0,129.5,52.0,70.75,14.0,2021-07-19
142.0,133.5,73.0,96.25,241.25,52.0,115.0,228.0,84.75,134.25,16.0,2021-07-19
164.75,110.75,84.75,118.25,273.75,59.75,121.0,266.25,76.5,130.0,18.0,2021-07-19
196.5,137.75,116.5,141.25,358.25,85.75,92.5,269.25,73.0,128.25,20.0,2021-07-19
203.0,147.75,81.75,126.75,306.25,86.0,129.0,53.5,86.75,162.25,22.0,2021-07-19
25.25,39.5,16.75,23.75,48.75,16.5,49.25,38.0,18.75,32.5,0.0,2021-07-20
14.5,10.75,5.5,7.25,13.75,4.5,20.25,10.25,6.25,8.5,2.0,2021-07-20
3.25,3.75,0.75,4.25,4.25,2.25,11.25,6.0,4.75,3.75,4.0,2021-07-20
20.75,8.5,8.25,8.0,23.75,5.5,22.5,25.25,7.25,13.75,6.0,2021-07-20
43.5,23.5,14.75,26.25,51.5,13.0,51.0,53.5,17.25,33.0,8.0,2021-07-20
78.25,66.75,39.75,56.0,118.75,29.25,208.75,116.25,63.25,80.5,10.0,2021-07-20
106.0,76.0,44.0,55.25,140.0,33.5,155.25,139.25,60.5,76.0,12.0,2021-07-20
80.25,59.5,41.75,67.0,131.25,35.75,124.25,135.0,39.0,63.0,14.0,2021-07-20
101.5,71.5,53.0,72.0,159.75,44.25,142.25,160.5,54.75,83.75,16.0,2021-07-20
118.0,95.75,66.25,88.5,208.75,53.75,133.0,203.5,61.5,89.0,18.0,2021-07-20
164.25,115.0,102.0,124.0,291.75,69.5,102.75,305.75,68.25,92.5,20.0,2021-07-20
214.75,145.0,81.5,123.25,284.25,80.5,151.0,312.25,81.5,112.0,22.0,2021-07-20
41.5,37.5,14.25,18.0,46.0,16.0,80.5,47.0,23.25,27.75,0.0,2021-07-21
9.0,11.0,2.75,5.75,10.5,3.0,17.75,8.75,2.25,5.75,2.0,2021-07-21
2.0,4.75,3.0,1.75,5.75,1.5,8.0,4.0,5.0,3.75,4.0,2021-07-21
15.75,14.25,6.75,11.25,23.0,10.0,27.25,27.0,19.0,19.25,6.0,2021-07-21
40.0,23.0,18.0,26.75,53.75,12.75,65.25,64.5,23.5,27.5,8.0,2021-07-21
78.75,56.25,29.75,45.0,91.0,22.25,116.25,94.25,48.5,62.75,10.0,2021-07-21
100.0,71.5,35.75,57.0,132.0,28.75,149.25,126.5,56.0,75.25,12.0,2021-07-21
107.75,77.0,46.0,58.25,145.5,34.75,104.0,149.75,51.0,76.25,14.0,2021-07-21
120.75,87.75,50.75,73.25,192.75,45.25,112.75,191.25,69.25,54.25,16.0,2021-07-21
137.5,109.75,61.5,92.0,198.75,47.25,112.5,198.25,68.25,71.5,18.0,2021-07-21
172.0,113.75,80.25,118.5,294.0,61.0,85.75,294.0,87.0,48.0,20.0,2021-07-21
168.0,138.5,88.25,137.25,329.75,79.5,123.75,325.75,88.25,29.5,22.0,2021-07-21
39.75,40.0,14.75,22.25,56.5,19.0,66.75,38.75,20.5,35.75,0.0,2021-07-22
11.5,14.75,4.0,7.75,12.75,6.25,22.25,12.5,6.75,11.5,2.0,2021-07-22
12.0,4.25,2.25,4.25,10.25,4.25,13.0,8.0,3.0,5.25,4.0,2021-07-22
24.75,13.25,9.5,16.0,29.25,7.25,37.0,26.75,10.5,21.25,6.0,2021-07-22
50.0,29.25,17.0,38.75,55.0,19.5,83.75,65.75,29.25,41.5,8.0,2021-07-22
72.75,40.25,28.0,50.0,110.25,29.5,183.25,113.0,51.25,66.5,10.0,2021-07-22
116.0,75.5,49.5,73.0,132.75,40.25,230.5,159.5,81.25,93.0,12.0,2021-07-22
90.0,55.25,43.0,63.0,122.75,34.75,137.5,128.25,62.75,72.0,14.0,2021-07-22
120.0,61.75,50.0,67.75,137.75,46.5,154.0,155.5,73.0,79.25,16.0,2021-07-22
163.5,105.0,70.25,91.5,207.5,59.25,155.5,213.75,89.5,103.25,18.0,2021-07-22
211.0,99.75,96.25,133.75,277.0,74.75,113.5,220.0,81.25,95.0,20.0,2021-07-22
230.75,110.25,91.5,124.75,241.75,78.25,201.75,58.75,114.0,122.25,22.0,2021-07-22
63.0,27.5,17.25,26.25,56.0,22.25,93.75,49.25,21.0,35.0,0.0,2021-07-23
10.25,7.25,4.75,9.5,19.0,10.75,38.0,11.25,9.0,12.5,2.0,2021-07-23
17.5,2.75,3.25,2.75,6.0,3.75,10.25,4.75,4.75,4.0,4.0,2021-07-23
21.5,13.75,9.5,17.25,34.25,11.5,30.25,31.0,17.75,18.0,6.0,2021-07-23
67.0,34.75,27.0,33.75,73.5,23.5,64.0,74.25,38.25,46.25,8.0,2021-07-23
110.0,60.0,35.25,62.0,118.5,37.5,125.75,111.25,63.0,70.25,10.0,2021-07-23
114.25,57.25,39.0,64.5,125.75,38.5,191.5,113.75,47.0,60.5,12.0,2021-07-23
103.75,46.25,41.5,61.75,145.0,35.5,125.0,106.75,48.75,59.5,14.0,2021-07-23
135.5,70.75,48.75,86.5,188.0,42.75,113.75,140.5,64.75,72.5,16.0,2021-07-23
176.5,81.75,69.5,99.25,246.75,60.0,117.0,188.5,72.0,87.25,18.0,2021-07-23
255.0,119.0,101.75,144.25,339.5,79.75,95.75,287.25,82.0,98.0,20.0,2021-07-23
175.5,86.75,70.0,92.5,252.25,55.5,69.25,150.75,63.25,88.25,22.0,2021-07-23
13.0,6.25,6.5,9.0,14.25,6.0,47.0,17.0,7.0,8.75,0.0,2021-07-24
5.5,3.5,2.5,3.0,10.0,1.75,16.75,4.25,1.75,2.0,2.0,2021-07-24
3.25,4.5,1.0,2.0,4.5,1.5,5.75,2.25,1.75,0.5,4.0,2021-07-24
8.5,5.75,2.5,4.75,9.75,3.25,8.0,8.75,3.25,3.25,6.0,2021-07-24
19.25,10.25,9.25,13.25,30.25,8.75,26.25,24.5,12.5,8.5,8.0,2021-07-24
30.5,20.5,13.75,26.25,52.25,8.5,37.0,37.0,17.5,12.75,10.0,2021-07-24
34.5,14.0,16.75,23.75,57.5,12.75,40.5,43.25,20.0,17.5,12.0,2021-07-24
48.5,25.0,19.5,29.0,72.75,17.5,45.5,59.0,19.5,19.0,14.0,2021-07-24
66.5,36.5,35.5,49.25,111.75,30.0,49.5,78.0,25.0,24.25,16.0,2021-07-24
75.25,36.5,49.75,65.25,148.5,39.75,55.5,117.25,35.5,28.25,18.0,2021-07-24
163.5,77.25,79.75,103.75,250.75,59.75,72.75,185.0,53.5,45.25,20.0,2021-07-24
96.5,59.25,50.0,68.0,142.0,39.75,114.0,107.0,42.75,43.25,22.0,2021-07-24
38.25,27.0,11.0,16.0,31.75,10.75,92.25,22.25,11.75,12.5,0.0,2021-07-25
7.5,8.75,3.5,1.75,6.75,4.5,38.75,6.0,3.0,4.25,2.0,2021-07-25
3.25,1.5,1.75,1.75,4.5,1.5,11.0,3.5,1.5,3.25,4.0,2021-07-25
13.25,4.75,4.0,6.75,12.25,4.0,21.75,12.0,3.5,3.75,6.0,2021-07-25
38.75,18.0,12.0,15.0,30.0,7.0,57.75,31.0,22.0,12.75,8.0,2021-07-25
45.75,32.25,19.75,25.5,57.0,11.5,90.0,58.0,20.75,20.25,10.0,2021-07-25
42.75,33.5,24.0,36.75,78.0,21.75,82.0,65.5,25.75,21.5,12.0,2021-07-25
84.25,41.0,30.75,48.25,115.5,21.0,91.25,76.25,30.0,21.5,14.0,2021-07-25
93.25,51.25,40.5,56.0,146.25,29.5,87.75,96.5,39.0,38.75,16.0,2021-07-25
133.75,81.5,60.75,82.25,210.25,44.75,102.5,160.0,49.0,42.0,18.0,2021-07-25
184.5,90.25,95.5,123.0,315.75,72.0,89.25,228.0,52.0,36.75,20.0,2021-07-25
160.25,101.5,73.75,96.0,244.0,57.25,133.25,158.5,55.25,48.25,22.0,2021-07-25
33.25,29.0,13.0,23.0,47.5,16.0,67.0,28.0,12.25,16.5,0.0,2021-07-26
11.5,10.0,2.5,3.5,13.0,3.5,22.25,9.5,5.5,6.25,2.0,2021-07-26
3.5,5.0,2.0,3.75,4.5,2.25,8.0,4.5,3.5,3.5,4.0,2021-07-26
12.0,19.75,6.75,7.25,20.25,4.75,27.0,17.5,12.75,6.75,6.0,2021-07-26
37.25,18.75,17.0,19.0,52.5,7.5,55.0,39.25,16.0,11.75,8.0,2021-07-26
78.25,49.75,26.25,42.75,111.75,20.25,104.0,140.75,44.0,36.75,10.0,2021-07-26
137.5,64.5,51.5,64.25,221.25,37.75,191.25,417.75,67.0,52.25,12.0,2021-07-26
160.0,86.75,57.75,76.25,221.75,45.75,305.75,428.0,76.75,60.5,14.0,2021-07-26
187.5,115.0,75.5,88.0,273.75,63.75,372.75,252.5,90.0,79.25,16.0,2021-07-26
192.5,123.25,81.5,104.25,281.0,72.0,298.5,0.0,88.5,76.25,18.0,2021-07-26
181.75,98.0,84.75,103.25,244.25,65.25,187.25,1.0,72.0,62.75,20.0,2021-07-26
185.0,134.0,52.0,63.0,142.0,61.0,432.25,107.75,96.0,82.0,22.0,2021-07-26
89.0,58.75,21.75,32.75,101.0,30.0,197.5,84.0,36.5,32.25,0.0,2021-07-27
18.75,14.75,6.5,7.0,22.0,8.25,54.0,15.75,8.75,6.75,2.0,2021-07-27
8.5,5.0,1.75,3.25,10.25,5.25,23.25,11.0,5.75,2.75,4.0,2021-07-27
30.5,18.25,9.0,17.75,31.5,8.5,54.0,36.5,15.25,10.25,6.0,2021-07-27
60.5,41.25,23.75,36.0,90.0,16.75,98.25,65.25,36.5,28.5,8.0,2021-07-27
81.75,61.25,31.25,44.0,123.0,32.0,114.0,104.5,45.5,33.25,10.0,2021-07-27
87.0,57.75,31.5,48.0,132.75,28.25,104.0,100.5,43.75,39.75,12.0,2021-07-27
98.25,59.5,35.0,56.75,137.75,39.25,111.0,129.75,47.0,43.25,14.0,2021-07-27
130.5,74.5,45.5,73.75,199.5,44.25,109.0,159.0,54.75,42.75,16.0,2021-07-27
171.75,119.25,60.75,89.0,246.0,57.25,110.75,170.0,70.25,64.25,18.0,2021-07-27
191.25,107.0,79.5,105.0,313.0,62.25,79.25,230.75,75.5,62.0,20.0,2021-07-27
111.25,89.5,42.25,63.0,171.0,50.0,128.0,40.0,50.25,50.75,22.0,2021-07-27
50.75,43.75,13.5,20.75,68.0,19.75,95.0,45.25,26.75,22.75,0.0,2021-07-28
16.75,16.5,4.25,7.25,20.25,5.0,31.5,13.75,7.5,6.75,2.0,2021-07-28
9.75,7.0,4.75,5.25,13.25,3.0,26.75,7.75,4.5,4.75,4.0,2021-07-28
35.25,19.25,9.25,13.5,42.25,13.0,71.5,33.25,10.5,11.5,6.0,2021-07-28
57.0,34.75,16.25,30.75,77.5,21.75,92.25,62.75,30.25,19.25,8.0,2021-07-28
75.0,43.0,32.5,44.25,121.5,35.75,119.25,91.75,38.0,35.75,10.0,2021-07-28
81.5,57.75,27.25,48.0,123.5,36.0,115.75,98.25,50.75,34.5,12.0,2021-07-28
97.75,54.0,34.0,59.0,131.75,36.0,95.0,113.5,46.0,39.0,14.0,2021-07-28
137.0,90.0,51.0,71.0,186.5,49.5,103.75,151.25,60.75,45.75,16.0,2021-07-28
161.0,108.0,63.5,97.0,263.5,69.5,120.5,224.75,64.75,59.75,18.0,2021-07-28
219.5,117.5,85.25,131.75,339.25,87.25,95.25,295.5,83.75,62.75,20.0,2021-07-28
194.25,149.0,52.0,102.25,280.75,75.0,121.0,211.75,87.5,86.5,22.0,2021-07-28
37.5,18.25,12.25,14.5,41.75,12.75,16.0,20.25,12.5,18.5,0.0,2021-07-29
9.25,7.75,1.75,5.25,15.25,4.75,4.75,6.5,2.75,4.0,2.0,2021-07-29
6.5,4.5,2.0,2.75,7.0,1.25,5.0,3.0,4.0,3.75,4.0,2021-07-29
13.5,17.75,4.5,8.75,21.75,6.0,6.75,15.25,8.0,8.0,6.0,2021-07-29
41.25,24.25,11.5,23.5,51.75,12.0,22.0,41.75,22.0,27.0,8.0,2021-07-29
70.0,42.5,28.75,39.25,98.0,21.25,31.0,73.25,49.25,44.5,10.0,2021-07-29
89.75,47.0,42.0,37.5,104.25,28.75,49.0,80.5,44.0,45.5,12.0,2021-07-29
82.0,39.75,41.25,41.5,113.75,22.5,32.75,83.25,35.25,38.0,14.0,2021-07-29
93.0,54.75,53.0,57.5,155.75,36.25,18.0,119.75,56.75,39.25,16.0,2021-07-29
133.25,60.5,75.75,72.5,190.0,49.75,21.5,163.0,54.5,45.75,18.0,2021-07-29
176.75,110.0,114.0,119.0,302.75,68.75,10.75,249.0,63.25,51.25,20.0,2021-07-29
172.0,99.0,106.5,98.5,307.0,70.75,21.25,231.75,70.25,66.0,22.0,2021-07-29
23.0,22.0,14.0,15.0,37.0,12.0,10.0,16.75,12.5,11.75,0.0,2021-07-30
7.0,4.25,5.75,3.5,14.5,4.75,2.0,5.5,3.5,3.5,2.0,2021-07-30
5.75,4.0,3.0,3.25,7.5,4.25,2.25,5.25,2.25,2.75,4.0,2021-07-30
17.25,11.75,7.5,10.0,23.75,4.5,5.5,19.0,10.75,8.0,6.0,2021-07-30
43.5,27.75,20.0,22.0,71.0,18.25,24.75,49.5,21.0,17.75,8.0,2021-07-30
77.25,36.25,33.25,42.75,110.0,27.25,41.0,81.0,44.75,37.5,10.0,2021-07-30
78.5,37.75,36.0,44.75,97.75,22.5,29.75,78.5,38.5,35.0,12.0,2021-07-30
86.5,48.25,46.25,50.0,133.0,32.75,19.0,94.25,41.75,28.75,14.0,2021-07-30
96.0,53.5,56.0,61.25,159.0,40.75,24.0,108.75,45.75,38.75,16.0,2021-07-30
124.5,76.25,85.75,82.25,208.75,54.75,22.25,133.75,63.75,50.75,18.0,2021-07-30
161.75,83.25,116.0,115.0,312.25,66.5,13.25,192.75,64.25,63.75,20.0,2021-07-30
141.75,79.0,97.25,90.75,278.25,67.0,13.75,169.75,58.25,54.5,22.0,2021-07-30
12.75,9.25,10.5,12.25,27.5,10.0,8.75,17.5,6.75,5.25,0.0,2021-07-31
4.25,6.0,2.5,2.75,8.5,2.0,5.0,8.75,3.25,1.5,2.0,2021-07-31
4.25,3.5,1.75,3.25,5.25,1.75,1.75,2.25,1.25,0.5,4.0,2021-07-31
7.0,6.5,4.5,5.75,16.25,3.25,2.25,8.25,3.25,3.25,6.0,2021-07-31
17.25,11.0,14.0,15.0,29.75,4.75,2.75,22.0,11.75,11.5,8.0,2021-07-31
31.5,13.0,22.75,23.0,59.75,10.0,2.75,44.0,16.25,11.75,10.0,2021-07-31
43.75,11.75,25.75,25.0,67.25,12.25,3.5,41.0,20.75,14.5,12.0,2021-07-31
44.25,27.5,31.5,32.25,66.0,16.75,7.0,51.25,17.75,17.25,14.0,2021-07-31
54.0,35.5,46.25,47.25,126.0,28.75,6.5,75.25,28.0,21.5,16.0,2021-07-31
89.0,35.75,64.0,65.0,158.5,36.5,8.5,91.5,32.75,28.5,18.0,2021-07-31
148.0,77.25,119.0,115.75,292.25,65.0,7.5,162.5,60.0,42.5,20.0,2021-07-31
125.25,93.75,75.0,95.0,230.25,55.5,27.25,121.75,45.25,42.75,22.0,2021-07-31
29.75,22.0,20.0,15.5,44.5,14.25,15.5,35.75,15.0,14.75,0.0,2021-08-01
10.75,11.75,4.25,3.5,12.0,4.0,8.0,8.0,5.0,3.0,2.0,2021-08-01
7.0,4.75,4.25,2.5,7.5,2.5,5.0,5.75,3.75,3.5,4.0,2021-08-01
9.25,5.5,7.75,7.75,12.75,3.25,8.25,13.25,7.75,6.75,6.0,2021-08-01
39.0,8.75,21.75,16.75,38.75,13.0,20.5,42.0,20.25,17.75,8.0,2021-08-01
46.25,27.75,32.25,31.25,78.25,20.75,25.5,67.75,31.5,26.0,10.0,2021-08-01
61.5,40.25,38.5,37.75,94.5,19.5,22.0,73.0,29.75,19.5,12.0,2021-08-01
84.0,51.75,45.25,45.5,120.5,31.5,48.75,95.25,41.25,28.5,14.0,2021-08-01
96.25,73.5,60.25,66.0,171.0,37.5,42.5,127.5,42.75,38.75,16.0,2021-08-01
154.0,80.75,90.75,88.75,224.5,57.0,31.75,213.5,61.25,45.5,18.0,2021-08-01
220.75,102.0,141.5,133.0,359.5,84.0,19.0,286.0,55.75,46.5,20.0,2021-08-01
108.5,105.0,69.75,58.25,172.5,47.75,32.5,144.0,40.5,39.75,22.0,2021-08-01
43.75,26.0,21.25,17.75,47.25,18.0,20.75,40.25,16.0,17.0,0.0,2021-08-02
14.75,13.5,6.75,4.0,12.25,4.75,4.75,7.5,6.0,6.5,2.0,2021-08-02
8.0,4.75,1.25,2.75,6.25,4.25,4.5,4.0,5.0,2.25,4.0,2021-08-02
11.0,8.5,10.25,6.75,14.25,4.5,6.25,13.0,7.5,8.75,6.0,2021-08-02
29.25,19.0,21.25,17.75,44.5,14.25,15.75,40.0,15.0,14.25,8.0,2021-08-02
62.5,40.25,31.0,38.25,81.25,24.5,23.75,58.5,31.0,24.0,10.0,2021-08-02
98.0,46.25,47.5,45.5,112.25,27.25,50.5,103.25,47.5,37.5,12.0,2021-08-02
95.5,56.5,59.5,55.25,137.75,32.5,32.0,112.5,49.0,45.75,14.0,2021-08-02
137.5,82.25,69.0,63.5,180.5,42.5,31.5,132.5,48.25,44.0,16.0,2021-08-02
137.0,96.0,111.0,92.5,230.0,62.5,25.75,190.25,61.5,55.75,18.0,2021-08-02
212.0,106.75,147.5,122.75,331.75,83.25,17.75,261.25,60.75,56.0,20.0,2021-08-02
181.0,151.5,149.25,111.75,304.0,58.25,42.0,280.25,78.25,79.0,22.0,2021-08-02
40.25,36.25,20.0,13.25,56.5,21.0,11.25,39.0,17.75,23.25,0.0,2021-08-03
9.75,7.5,6.25,7.5,13.5,5.0,5.25,9.25,6.75,7.75,2.0,2021-08-03
6.0,3.5,3.25,3.75,6.25,2.0,2.75,6.0,1.75,2.75,4.0,2021-08-03
13.0,7.0,8.5,7.75,23.5,4.25,6.25,18.75,9.75,5.75,6.0,2021-08-03
46.5,32.75,18.0,22.25,49.5,17.75,13.25,42.5,20.75,19.75,8.0,2021-08-03
59.75,49.0,34.75,35.0,95.75,22.0,29.5,82.25,39.75,44.5,10.0,2021-08-03
148.25,88.75,83.75,65.75,219.0,46.5,28.5,164.75,86.0,80.5,12.0,2021-08-03
109.25,79.25,71.0,61.5,171.5,37.5,19.5,122.25,62.25,47.25,14.0,2021-08-03
130.5,91.25,91.5,69.25,201.5,63.0,21.75,146.0,63.5,47.75,16.0,2021-08-03
162.75,104.25,112.75,85.0,269.5,75.5,26.75,196.5,69.5,67.25,18.0,2021-08-03
188.75,104.5,147.75,129.5,344.5,74.5,15.25,284.75,74.25,56.25,20.0,2021-08-03
204.25,155.25,158.25,115.0,361.0,71.75,36.25,210.75,73.0,84.5,22.0,2021-08-03
60.75,40.0,28.0,22.25,73.25,27.75,13.5,52.5,22.75,25.75,0.0,2021-08-04
15.0,10.5,12.25,8.0,18.25,10.0,3.0,16.25,9.5,5.0,2.0,2021-08-04
9.25,4.0,5.0,2.5,9.75,2.75,2.5,5.75,4.5,4.5,4.0,2021-08-04
19.0,16.25,10.75,8.25,22.25,8.25,4.75,26.0,12.0,9.0,6.0,2021-08-04
52.5,25.75,29.0,29.75,69.25,15.25,10.0,56.75,27.75,30.75,8.0,2021-08-04
88.25,50.5,43.0,44.5,118.0,26.25,19.0,85.75,46.5,41.0,10.0,2021-08-04
125.75,74.75,62.25,59.5,158.0,39.0,57.5,134.0,64.0,64.25,12.0,2021-08-04
113.5,68.0,62.75,60.0,146.0,39.25,36.0,124.75,53.5,48.0,14.0,2021-08-04
143.5,69.5,78.75,67.5,192.25,46.0,25.5,159.0,73.5,64.5,16.0,2021-08-04
184.5,101.25,111.0,97.5,266.0,63.0,25.0,190.25,78.0,77.0,18.0,2021-08-04
203.75,114.0,150.75,122.5,346.5,78.0,18.5,319.0,72.25,64.0,20.0,2021-08-04
238.5,127.0,134.25,106.0,330.0,74.75,33.25,59.5,90.5,95.75,22.0,2021-08-04
40.0,35.25,22.5,21.75,51.75,16.75,20.75,27.5,18.75,19.75,0.0,2021-08-05
8.5,12.75,7.0,4.75,15.75,4.5,6.75,10.75,8.0,7.25,2.0,2021-08-05
5.5,6.0,4.5,5.0,15.5,5.5,10.0,8.25,3.5,4.0,4.0,2021-08-05
26.25,10.5,12.5,13.5,31.5,7.25,20.5,23.75,15.0,15.0,6.0,2021-08-05
54.25,44.5,33.25,30.25,79.5,19.25,22.75,63.5,23.25,30.25,8.0,2021-08-05
94.75,58.5,52.25,49.25,153.5,33.5,32.25,110.0,81.75,75.75,10.0,2021-08-05
95.0,58.75,45.0,48.25,136.25,35.5,39.5,113.25,91.25,81.75,12.0,2021-08-05
115.5,54.75,45.5,53.0,154.75,38.5,29.0,110.25,81.0,80.75,14.0,2021-08-05
115.0,61.25,57.75,64.5,184.0,45.75,33.25,128.25,121.75,104.75,16.0,2021-08-05
162.0,108.0,89.75,91.75,243.75,58.25,34.0,197.75,147.5,115.0,18.0,2021-08-05
196.0,92.0,119.75,120.5,353.0,81.25,19.75,277.25,145.5,120.25,20.0,2021-08-05
213.0,129.25,93.0,105.5,336.25,83.5,36.5,205.25,168.25,144.5,22.0,2021-08-05
42.75,30.75,21.5,18.0,60.0,15.5,31.5,32.75,30.75,30.75,0.0,2021-08-06
22.25,10.75,5.5,5.75,14.25,4.0,15.0,7.0,7.75,8.75,2.0,2021-08-06
5.5,5.5,2.0,3.75,7.25,2.5,5.75,4.25,4.0,4.25,4.0,2021-08-06
16.5,9.25,9.25,11.25,21.5,8.5,10.75,15.75,18.25,14.0,6.0,2021-08-06
40.25,30.75,21.0,27.25,67.75,18.0,17.75,44.0,37.5,37.75,8.0,2021-08-06
70.5,35.0,41.5,42.75,109.25,28.25,37.75,80.75,81.25,72.25,10.0,2021-08-06
86.0,37.25,30.5,46.25,104.5,26.25,43.5,63.75,52.75,51.5,12.0,2021-08-06
89.0,56.0,38.0,52.25,128.75,31.0,38.5,83.0,69.0,61.0,14.0,2021-08-06
105.75,61.25,59.0,69.0,193.75,36.25,35.25,114.75,101.25,80.25,16.0,2021-08-06
126.25,63.5,71.5,92.5,219.25,61.25,28.5,157.5,129.25,96.5,18.0,2021-08-06
170.25,74.5,101.75,126.5,308.75,75.0,20.75,210.0,112.0,93.75,20.0,2021-08-06
139.5,81.5,71.25,81.5,236.5,59.5,19.75,161.5,98.25,92.75,22.0,2021-08-06
16.0,14.75,9.0,9.25,23.5,8.75,9.0,13.0,12.25,14.5,0.0,2021-08-07
7.75,5.75,3.0,2.25,7.75,3.5,1.75,4.75,4.0,7.25,2.0,2021-08-07
2.0,2.75,1.5,3.0,3.75,2.5,1.0,2.0,2.5,0.75,4.0,2021-08-07
11.5,9.0,3.5,4.25,10.75,3.0,1.0,7.0,6.5,6.25,6.0,2021-08-07
23.75,10.75,14.75,16.5,40.0,9.5,9.0,27.0,18.0,16.5,8.0,2021-08-07
39.25,19.0,22.0,20.75,58.75,13.75,13.0,45.25,33.0,28.75,10.0,2021-08-07
47.25,18.0,23.0,29.0,66.5,15.5,7.75,48.75,30.5,25.75,12.0,2021-08-07
53.25,17.0,31.5,33.5,81.25,23.75,9.5,59.75,35.75,32.75,14.0,2021-08-07
69.75,38.25,37.75,47.25,121.0,28.0,10.0,81.0,47.75,40.5,16.0,2021-08-07
92.75,31.75,58.75,71.5,164.75,35.5,11.5,110.75,50.0,45.0,18.0,2021-08-07
147.25,74.0,116.0,104.5,298.0,65.25,11.75,209.25,70.25,63.0,20.0,2021-08-07
116.25,76.25,72.25,81.0,218.5,57.0,25.0,159.0,73.75,73.75,22.0,2021-08-07
29.25,20.0,13.0,16.0,44.5,16.25,30.0,29.25,30.0,28.75,0.0,2021-08-08
13.5,8.25,6.25,3.0,17.75,5.75,16.0,13.0,9.0,9.0,2.0,2021-08-08
5.75,5.75,3.0,3.0,7.5,3.5,4.5,4.25,2.75,2.25,4.0,2021-08-08
6.75,2.5,5.0,4.75,13.0,2.25,5.0,12.0,9.5,8.25,6.0,2021-08-08
31.5,24.75,11.75,14.5,52.25,8.75,23.75,38.0,27.0,23.75,8.0,2021-08-08
44.25,25.25,26.25,28.25,72.5,16.75,30.25,64.5,36.5,37.75,10.0,2021-08-08
44.5,39.0,33.0,28.25,87.5,18.0,27.25,73.5,53.25,41.5,12.0,2021-08-08
72.75,42.0,34.75,54.5,136.5,29.5,22.75,102.0,57.0,42.75,14.0,2021-08-08
114.5,64.25,55.25,64.75,198.5,40.75,21.0,169.75,71.5,58.25,16.0,2021-08-08
148.75,78.0,83.75,98.75,265.0,63.75,25.0,221.0,80.75,87.75,18.0,2021-08-08
202.5,105.0,129.25,126.75,366.5,101.25,14.75,275.0,83.0,72.5,20.0,2021-08-08
175.25,97.25,86.0,101.75,300.0,80.25,31.0,34.25,86.0,80.25,22.0,2021-08-08
48.75,29.75,20.75,25.75,51.75,22.0,16.25,32.25,25.0,30.0,0.0,2021-08-09
11.0,4.25,6.25,6.75,14.75,8.25,4.75,10.25,11.5,8.5,2.0,2021-08-09
4.25,5.5,2.0,2.75,7.25,3.0,2.25,4.0,3.0,3.25,4.0,2021-08-09
16.25,9.0,6.0,6.0,18.0,5.5,4.75,16.0,7.0,8.75,6.0,2021-08-09
45.25,23.0,17.0,20.25,59.75,15.5,27.0,47.25,32.5,29.5,8.0,2021-08-09
70.25,53.5,37.0,45.0,116.75,29.75,48.25,76.0,58.75,60.5,10.0,2021-08-09
87.0,69.75,63.25,55.25,187.5,43.0,41.75,116.0,71.5,64.25,12.0,2021-08-09
90.0,51.5,59.5,64.5,197.25,42.5,39.0,110.25,65.0,51.75,14.0,2021-08-09
145.0,83.0,78.75,95.0,320.25,80.25,30.5,197.0,88.5,89.0,16.0,2021-08-09
203.25,99.75,110.75,126.5,369.75,87.75,33.25,229.75,105.0,81.75,18.0,2021-08-09
250.5,121.0,151.5,178.25,470.5,114.75,18.75,322.75,104.0,83.5,20.0,2021-08-09
204.75,108.75,113.25,70.25,380.5,51.0,29.75,203.5,115.75,122.5,22.0,2021-08-09
51.25,36.0,22.75,23.5,83.25,18.25,12.5,41.5,34.0,30.25,0.0,2021-08-10
13.25,16.25,6.5,8.5,26.0,5.5,3.0,15.5,9.75,8.25,2.0,2021-08-10
3.0,4.75,4.0,2.5,10.25,4.25,2.75,5.0,5.5,5.5,4.0,2021-08-10
18.5,10.5,9.0,12.5,27.75,8.0,4.75,17.25,13.0,7.5,6.0,2021-08-10
44.0,24.5,23.5,33.5,79.75,20.75,12.5,43.25,24.5,24.75,8.0,2021-08-10
71.25,31.5,37.5,41.25,108.5,29.0,33.5,61.75,44.25,41.5,10.0,2021-08-10
94.75,51.25,45.75,57.75,155.5,36.75,68.5,100.5,63.25,62.0,12.0,2021-08-10
90.75,65.0,54.75,62.5,176.25,43.0,51.0,118.5,68.0,66.5,14.0,2021-08-10
130.25,69.5,72.0,68.0,223.0,54.25,40.0,135.25,72.0,74.0,16.0,2021-08-10
142.0,85.25,103.5,97.25,282.75,61.25,31.75,168.75,97.25,87.25,18.0,2021-08-10
232.75,102.5,137.75,152.25,401.0,85.25,17.0,260.0,85.5,86.5,20.0,2021-08-10
238.5,142.25,125.25,147.0,397.75,92.25,26.5,236.0,115.25,112.5,22.0,2021-08-10
55.5,42.0,18.75,25.25,70.25,22.5,15.25,39.25,26.25,28.75,0.0,2021-08-11
11.5,11.75,8.25,8.25,19.25,6.75,4.75,9.75,4.25,8.0,2.0,2021-08-11
5.0,5.25,5.0,5.75,12.0,6.25,2.75,6.5,3.75,5.0,4.0,2021-08-11
18.5,12.75,9.25,13.25,34.0,6.5,6.0,21.0,13.0,14.25,6.0,2021-08-11
46.5,21.0,19.25,26.0,81.25,17.75,12.75,50.25,26.0,24.75,8.0,2021-08-11
79.75,49.0,38.75,48.5,115.25,34.5,36.5,75.0,55.5,49.75,10.0,2021-08-11
107.75,55.0,54.0,63.25,148.5,37.25,43.75,111.5,75.75,69.5,12.0,2021-08-11
100.75,39.0,46.75,54.0,102.0,40.75,35.75,113.75,52.0,56.5,14.0,2021-08-11
124.75,62.75,62.75,76.0,142.25,55.25,31.5,131.25,70.25,70.0,16.0,2021-08-11
162.25,498.0,90.75,100.0,202.25,68.25,33.0,173.75,89.0,92.0,18.0,2021-08-11
200.75,106.75,127.25,139.25,266.5,77.5,20.0,276.75,94.25,99.25,20.0,2021-08-11
275.25,149.0,135.0,140.0,287.25,102.5,35.0,267.5,125.5,135.75,22.0,2021-08-11
41.0,27.75,19.5,22.0,34.75,16.0,15.75,32.5,30.0,27.0,0.0,2021-08-12
7.5,6.25,6.25,5.25,10.5,7.25,5.25,11.25,7.5,8.0,2.0,2021-08-12
7.0,4.25,3.0,3.75,5.75,4.0,1.75,5.0,3.25,4.25,4.0,2021-08-12
24.75,16.25,10.0,14.5,21.5,7.5,5.0,18.25,11.0,11.75,6.0,2021-08-12
45.25,29.25,21.25,25.75,47.25,18.75,17.0,40.5,27.5,31.5,8.0,2021-08-12
83.5,45.25,33.5,38.25,74.0,27.0,52.0,69.25,46.0,46.5,10.0,2021-08-12
107.5,61.75,39.0,49.75,88.25,30.75,64.75,108.0,48.25,50.25,12.0,2021-08-12
105.25,62.75,44.5,55.75,108.25,38.0,40.5,105.25,42.0,45.75,14.0,2021-08-12
133.0,64.5,61.5,62.5,128.5,44.25,32.25,130.25,52.0,61.75,16.0,2021-08-12
185.75,80.25,74.25,97.75,198.25,63.5,33.0,174.5,63.5,74.0,18.0,2021-08-12
209.75,101.25,107.25,123.5,250.0,70.75,16.0,229.75,63.5,70.75,20.0,2021-08-12
225.75,112.75,98.5,115.5,248.5,75.75,26.0,236.0,65.0,67.5,22.0,2021-08-12
34.75,16.25,7.0,12.75,28.0,8.5,5.0,19.5,11.75,10.25,0.0,2021-08-13
12.75,3.75,3.25,4.5,7.5,5.75,1.25,6.0,2.5,4.0,2.0,2021-08-13
3.75,2.75,1.5,3.25,3.25,2.0,3.75,2.75,1.75,1.75,4.0,2021-08-13
17.0,5.75,6.5,10.5,16.25,4.75,9.25,17.25,7.25,6.5,6.0,2021-08-13
44.75,22.75,15.25,19.25,48.75,15.0,11.5,35.25,12.5,13.5,8.0,2021-08-13
54.75,20.5,27.25,37.25,62.0,20.5,7.25,57.75,26.0,22.5,10.0,2021-08-13
59.5,27.25,29.0,41.25,61.0,26.75,10.25,59.75,30.25,19.75,12.0,2021-08-13
65.25,33.0,26.75,36.75,72.25,23.0,8.25,62.5,21.75,21.0,14.0,2021-08-13
100.75,47.5,43.75,60.0,112.5,39.5,12.5,92.25,34.75,32.5,16.0,2021-08-13
120.75,42.0,64.5,77.25,160.0,53.25,11.25,133.5,42.75,47.0,18.0,2021-08-13
202.5,86.25,106.25,124.25,259.25,82.0,10.75,207.0,77.0,60.5,20.0,2021-08-13
182.5,79.25,76.5,96.25,226.75,70.0,15.75,174.5,58.25,53.0,22.0,2021-08-13
27.25,9.75,9.25,12.5,22.25,6.25,4.75,14.75,6.5,8.0,0.0,2021-08-14
7.0,2.5,2.0,4.0,7.0,3.75,1.75,4.75,2.0,2.0,2.0,2021-08-14
6.0,4.25,2.75,1.25,3.75,0.75,0.5,2.25,1.5,2.5,4.0,2021-08-14
12.0,4.0,2.75,6.25,11.25,3.25,1.25,9.0,3.0,2.5,6.0,2021-08-14
23.0,12.0,6.0,12.75,23.5,7.5,3.0,16.75,8.75,9.75,8.0,2021-08-14
36.0,16.0,12.5,22.5,34.25,12.5,5.5,34.25,17.0,15.5,10.0,2021-08-14
46.25,17.25,18.0,24.75,32.25,11.75,5.0,45.75,13.0,14.75,12.0,2021-08-14
44.0,28.75,20.25,34.0,47.25,19.5,8.5,55.0,17.5,17.25,14.0,2021-08-14
70.25,35.75,33.25,50.25,73.5,29.0,7.0,76.25,22.5,27.0,16.0,2021-08-14
103.75,49.75,51.25,62.5,124.75,38.0,5.25,108.0,31.75,37.25,18.0,2021-08-14
192.25,69.25,96.25,93.5,321.25,64.75,10.25,186.5,45.25,37.5,20.0,2021-08-14
135.0,75.75,70.0,79.25,255.75,59.0,8.75,144.0,42.25,34.75,22.0,2021-08-14
23.0,10.5,7.5,7.0,12.75,5.5,3.75,16.5,4.5,6.5,0.0,2021-08-15
6.0,7.25,2.5,2.5,5.25,3.75,2.0,6.5,3.0,2.25,2.0,2021-08-15
5.25,6.0,1.25,2.75,2.25,1.75,0.0,3.0,0.75,1.75,4.0,2021-08-15
12.75,0.75,4.0,3.0,5.0,1.75,2.0,4.75,2.25,2.0,6.0,2021-08-15
20.5,5.25,7.5,10.0,18.0,9.75,3.25,21.0,7.75,5.5,8.0,2021-08-15
41.0,20.5,15.0,18.0,27.25,11.75,5.0,40.0,8.5,10.75,10.0,2021-08-15
44.5,22.0,19.5,21.25,34.0,16.0,6.0,40.0,17.75,12.0,12.0,2021-08-15
55.25,18.0,20.75,34.75,46.75,19.75,11.5,55.5,13.0,16.25,14.0,2021-08-15
78.0,32.25,33.0,36.5,72.5,27.5,6.0,71.75,15.0,19.0,16.0,2021-08-15
109.5,50.25,57.25,72.5,127.5,49.5,5.0,106.0,28.75,26.5,18.0,2021-08-15
200.25,84.0,85.25,107.75,261.75,85.5,7.75,175.75,36.0,41.0,20.0,2021-08-15
205.25,117.75,87.75,115.5,255.25,47.5,28.5,166.5,62.5,59.5,22.0,2021-08-15
40.75,31.25,17.75,15.75,26.25,18.75,35.0,28.0,15.25,19.0,0.0,2021-08-16
14.25,31.75,4.75,7.0,9.75,7.75,15.0,11.0,5.0,8.75,2.0,2021-08-16
6.75,5.5,1.25,3.0,4.75,1.75,5.0,6.75,2.5,2.75,4.0,2021-08-16
19.25,12.25,3.25,7.0,9.0,3.25,8.0,13.75,10.75,6.75,6.0,2021-08-16
47.75,34.25,13.75,15.75,22.75,13.0,15.75,29.5,16.75,13.5,8.0,2021-08-16
62.0,33.25,19.25,29.25,40.0,19.0,21.75,62.0,19.0,23.25,10.0,2021-08-16
82.75,42.5,24.25,32.0,41.5,17.5,22.75,57.75,20.0,20.5,12.0,2021-08-16
78.75,47.75,31.0,35.25,49.5,24.25,20.0,76.25,24.5,21.0,14.0,2021-08-16
109.0,58.25,39.25,54.25,76.25,37.0,21.5,109.75,27.25,31.5,16.0,2021-08-16
132.0,91.0,65.0,77.25,95.5,62.0,25.0,161.75,40.25,39.0,18.0,2021-08-16
163.0,125.5,88.5,111.0,182.5,77.75,13.25,238.75,37.0,38.0,20.0,2021-08-16
179.0,127.25,81.0,99.5,168.0,68.25,30.25,210.75,52.25,48.25,22.0,2021-08-16
37.0,44.75,19.0,19.0,21.5,12.0,10.5,31.25,13.75,14.0,0.0,2021-08-17
15.5,6.25,5.0,5.75,8.75,5.75,3.5,9.0,3.5,3.75,2.0,2021-08-17
3.25,9.25,2.75,1.0,4.5,1.75,3.0,4.5,3.5,2.5,4.0,2021-08-17
19.5,12.75,4.75,10.25,12.0,7.0,5.75,12.0,6.75,6.5,6.0,2021-08-17
46.0,22.0,18.25,19.25,26.25,11.0,38.75,39.25,17.5,14.75,8.0,2021-08-17
88.5,68.5,42.75,40.25,61.0,25.75,41.5,90.25,44.75,47.0,10.0,2021-08-17
107.75,85.5,61.5,64.5,96.75,48.0,55.5,150.0,51.75,55.0,12.0,2021-08-17
98.5,77.5,49.75,60.0,92.5,45.0,30.75,144.25,44.0,40.25,14.0,2021-08-17
110.0,93.5,63.5,71.0,105.0,63.0,33.0,166.5,49.5,54.5,16.0,2021-08-17
146.0,124.0,93.0,106.0,168.0,81.5,33.25,231.75,75.5,70.0,18.0,2021-08-17
189.75,144.25,143.25,146.75,260.75,127.5,23.0,329.25,82.0,80.5,20.0,2021-08-17
174.25,159.25,100.25,115.0,201.75,94.0,35.5,243.25,74.75,81.25,22.0,2021-08-17
39.75,40.75,16.75,19.5,28.5,19.0,17.0,38.5,16.5,24.0,0.0,2021-08-18
10.75,12.0,3.5,8.0,6.5,3.75,6.0,10.75,5.25,6.5,2.0,2021-08-18
7.75,8.25,3.25,3.5,4.5,3.5,2.0,7.0,3.25,3.25,4.0,2021-08-18
14.25,17.5,6.75,8.75,13.0,8.5,7.25,22.25,10.0,8.0,6.0,2021-08-18
39.75,37.5,16.0,27.0,31.75,20.5,17.5,59.25,25.75,24.5,8.0,2021-08-18
107.0,58.25,34.25,47.25,59.5,29.75,29.25,126.75,45.25,52.25,10.0,2021-08-18
146.75,90.75,54.5,64.25,76.0,51.0,41.75,256.25,76.0,69.75,12.0,2021-08-18
114.75,74.0,42.25,62.25,73.0,48.25,39.75,197.75,92.5,24.75,14.0,2021-08-18
145.25,89.5,50.5,62.5,94.75,52.5,20.75,202.5,49.25,31.5,16.0,2021-08-18
179.0,105.25,84.0,103.0,129.75,79.0,27.0,294.5,47.5,48.5,18.0,2021-08-18
257.75,118.0,121.0,125.5,196.25,89.25,17.5,402.75,58.25,59.0,20.0,2021-08-18
226.0,146.75,91.5,112.5,158.75,78.75,36.5,351.0,63.25,64.5,22.0,2021-08-18
68.5,41.0,24.25,28.5,33.75,21.75,30.75,75.75,24.75,16.5,0.0,2021-08-19
16.25,18.75,7.75,7.25,9.75,8.75,10.75,20.5,6.5,3.5,2.0,2021-08-19
5.0,7.25,1.5,2.25,2.5,3.0,4.0,6.0,3.0,0.5,4.0,2021-08-19
25.0,7.5,7.75,15.0,14.75,7.75,7.75,36.25,7.75,5.0,6.0,2021-08-19
59.5,26.25,22.5,33.25,38.0,22.5,17.25,81.5,26.75,20.5,8.0,2021-08-19
81.25,68.75,38.0,41.75,46.25,35.0,24.5,130.5,51.75,35.5,10.0,2021-08-19
81.75,49.25,53.25,43.75,58.75,46.5,28.75,146.5,86.25,53.0,12.0,2021-08-19
77.5,66.5,58.25,55.0,66.75,37.25,25.0,156.5,100.0,54.0,14.0,2021-08-19
116.0,84.25,81.25,69.25,88.75,55.25,30.25,215.5,121.5,60.0,16.0,2021-08-19
153.25,103.25,103.0,94.25,125.75,80.0,26.75,279.0,178.0,158.0,18.0,2021-08-19
250.0,124.0,149.0,130.0,182.75,91.5,17.25,388.0,180.0,124.25,20.0,2021-08-19
289.25,172.5,162.25,127.25,186.5,107.0,44.75,399.25,230.25,182.5,22.0,2021-08-19
40.75,26.5,23.0,19.5,25.25,19.25,16.5,58.0,52.5,41.75,0.0,2021-08-20
16.5,11.5,6.25,3.5,6.25,6.5,6.25,16.5,18.25,13.0,2.0,2021-08-20
9.25,2.75,3.75,2.25,5.0,3.5,4.0,7.5,9.5,5.75,4.0,2021-08-20
19.75,14.75,11.0,12.75,15.5,11.5,10.0,29.25,25.25,22.25,6.0,2021-08-20
40.75,36.25,29.75,32.75,37.25,21.0,18.5,76.25,57.75,50.0,8.0,2021-08-20
63.5,43.0,47.25,46.5,55.0,39.75,26.75,133.5,89.0,76.0,10.0,2021-08-20
61.0,44.25,52.75,48.75,56.0,38.0,25.5,112.75,77.25,62.75,12.0,2021-08-20
84.0,43.75,52.0,51.75,67.25,41.0,22.0,148.75,90.25,69.0,14.0,2021-08-20
108.25,65.0,87.25,74.25,97.5,56.0,17.75,179.25,104.25,91.5,16.0,2021-08-20
149.25,97.0,106.5,108.5,150.25,78.25,19.75,245.75,126.0,126.75,18.0,2021-08-20
202.25,90.5,141.0,140.25,216.5,103.25,14.0,343.25,148.25,131.25,20.0,2021-08-20
178.0,100.75,111.75,105.75,156.25,74.75,11.5,261.0,133.25,113.75,22.0,2021-08-20
21.75,10.25,11.75,9.25,13.5,7.75,5.75,28.75,14.75,12.25,0.0,2021-08-21
4.0,2.0,2.25,3.75,2.75,3.0,2.0,5.5,4.5,5.25,2.0,2021-08-21
8.25,5.5,1.25,1.25,1.5,1.25,2.0,4.25,2.25,2.25,4.0,2021-08-21
8.25,4.5,5.25,6.5,5.0,3.25,0.5,13.75,5.0,4.5,6.0,2021-08-21
24.5,10.25,11.75,15.25,17.75,7.25,3.75,42.5,17.0,12.25,8.0,2021-08-21
41.5,13.25,28.5,29.25,38.0,16.0,8.0,72.5,36.0,30.25,10.0,2021-08-21
32.0,23.5,27.75,28.0,41.0,18.5,7.25,74.0,34.75,26.0,12.0,2021-08-21
42.5,16.25,31.25,32.5,47.5,19.5,5.0,73.75,31.25,25.75,14.0,2021-08-21
59.0,34.25,54.75,54.25,73.25,32.5,6.75,117.5,50.5,41.25,16.0,2021-08-21
89.0,37.5,81.0,76.5,108.75,46.75,6.75,177.25,70.0,59.0,18.0,2021-08-21
155.0,76.75,133.75,126.0,216.75,84.0,8.75,309.0,102.5,95.25,20.0,2021-08-21
104.0,60.0,64.25,74.0,103.5,54.75,25.5,172.5,79.5,81.75,22.0,2021-08-21
31.5,27.0,20.75,19.5,23.0,18.25,28.75,48.75,40.25,28.25,0.0,2021-08-22
13.0,5.25,6.0,5.5,5.75,6.25,13.25,16.0,8.25,8.75,2.0,2021-08-22
9.0,2.5,3.5,2.0,4.25,2.25,4.0,6.0,5.0,3.25,4.0,2021-08-22
8.75,6.25,7.0,7.0,6.25,4.0,7.5,14.75,10.0,9.5,6.0,2021-08-22
22.25,13.75,15.5,21.0,21.25,11.25,12.5,45.75,30.0,20.0,8.0,2021-08-22
56.25,27.25,25.25,30.25,30.0,17.0,19.0,79.75,36.75,37.5,10.0,2021-08-22
55.75,33.75,33.0,34.0,46.25,20.5,22.25,86.25,45.5,40.5,12.0,2021-08-22
62.75,45.0,44.0,48.0,68.5,27.25,22.75,113.75,48.75,37.0,14.0,2021-08-22
84.75,58.0,74.5,74.5,100.0,36.0,20.25,156.25,69.5,62.75,16.0,2021-08-22
109.75,75.25,96.5,93.0,145.25,68.25,23.75,253.0,79.5,66.0,18.0,2021-08-22
162.25,103.0,153.5,148.0,239.75,94.0,14.25,350.5,122.5,83.75,20.0,2021-08-22
197.75,127.5,140.25,124.0,219.75,19.5,25.0,324.75,122.75,114.75,22.0,2021-08-22
34.0,42.25,19.5,16.75,25.25,15.75,17.5,46.0,36.5,31.5,0.0,2021-08-23
13.0,15.25,10.25,6.25,10.5,6.0,5.0,17.5,9.75,10.0,2.0,2021-08-23
7.75,3.25,2.0,2.25,3.25,4.25,4.0,7.25,3.5,5.25,4.0,2021-08-23
11.5,10.25,5.5,6.0,8.0,5.0,4.5,20.5,11.75,10.5,6.0,2021-08-23
34.0,22.0,24.5,22.25,24.0,16.25,12.25,55.25,27.25,26.0,8.0,2021-08-23
74.0,66.0,53.25,46.0,56.75,31.5,22.0,126.25,77.25,68.25,10.0,2021-08-23
85.5,87.0,62.5,60.75,72.5,39.5,26.0,179.0,98.75,78.5,12.0,2021-08-23
148.5,122.75,95.25,82.25,109.5,63.25,29.25,238.25,109.75,100.25,14.0,2021-08-23
163.0,164.0,126.0,92.75,159.25,82.0,26.25,336.75,140.25,122.5,16.0,2021-08-23
150.25,173.5,136.25,101.25,174.0,89.25,25.0,308.5,116.75,113.5,18.0,2021-08-23
184.25,203.0,169.25,109.5,262.5,107.75,18.75,432.75,121.75,123.0,20.0,2021-08-23
167.5,217.75,129.75,70.25,173.5,86.25,32.75,323.0,132.75,121.5,22.0,2021-08-23
42.0,54.5,27.75,21.25,36.5,28.0,13.0,63.5,40.25,40.0,0.0,2021-08-24
8.75,17.25,7.75,6.5,9.5,8.5,3.0,19.25,12.75,14.0,2.0,2021-08-24
4.5,7.25,4.0,2.5,2.75,3.0,2.75,8.0,5.75,5.0,4.0,2021-08-24
17.0,21.5,11.25,7.0,12.25,6.5,8.75,30.75,22.5,15.25,6.0,2021-08-24
37.75,46.75,29.25,28.5,30.25,23.75,13.5,79.0,36.0,37.25,8.0,2021-08-24
81.0,98.75,63.5,45.5,77.5,43.75,74.25,169.25,98.0,89.75,10.0,2021-08-24
100.5,128.25,95.0,62.0,84.0,50.75,65.25,236.75,135.25,110.75,12.0,2021-08-24
108.0,129.75,76.0,57.75,88.75,60.5,64.75,224.5,102.0,94.5,14.0,2021-08-24
131.25,139.25,112.0,72.75,124.5,75.0,45.25,272.75,117.75,128.25,16.0,2021-08-24
121.25,138.75,112.75,69.75,147.5,70.5,37.5,251.25,111.25,109.0,18.0,2021-08-24
171.25,168.0,144.75,112.0,216.75,90.75,19.75,348.25,103.25,107.75,20.0,2021-08-24
206.0,218.0,139.5,111.0,175.5,102.75,41.5,339.5,111.5,115.75,22.0,2021-08-24
58.5,84.25,36.0,20.25,36.5,27.25,15.0,82.75,52.75,49.5,0.0,2021-08-25
20.25,24.25,8.75,6.5,10.25,8.25,4.75,17.0,11.25,14.0,2.0,2021-08-25
7.5,9.25,4.75,2.0,5.5,7.25,2.75,12.75,4.75,5.75,4.0,2021-08-25
23.5,24.25,14.75,8.5,15.5,11.0,8.5,34.5,17.25,20.75,6.0,2021-08-25
53.25,58.25,35.75,27.0,47.5,24.0,12.5,90.25,46.25,39.0,8.0,2021-08-25
107.0,123.75,68.0,47.5,79.0,52.25,29.0,147.0,88.25,68.25,10.0,2021-08-25
128.0,117.25,82.75,52.5,87.25,49.0,27.0,201.5,112.5,87.75,12.0,2021-08-25
143.5,116.75,85.0,61.25,92.0,59.0,23.5,204.0,100.25,91.5,14.0,2021-08-25
179.75,157.25,118.75,69.0,141.75,83.5,21.5,253.5,131.25,111.0,16.0,2021-08-25
117.25,146.5,93.75,63.5,124.75,58.5,25.75,245.75,123.0,111.0,18.0,2021-08-25
150.25,174.25,135.75,91.75,179.0,86.25,15.25,327.5,119.5,105.5,20.0,2021-08-25
198.75,251.0,141.25,91.0,189.25,100.25,30.75,334.75,180.5,161.5,22.0,2021-08-25
34.5,59.25,25.75,11.0,22.5,20.25,13.75,35.5,39.75,38.75,0.0,2021-08-26
11.5,18.75,10.0,4.0,10.5,6.75,3.75,12.5,13.25,13.0,2.0,2021-08-26
3.25,6.5,3.0,2.5,4.0,2.0,2.0,5.25,5.5,4.0,4.0,2021-08-26
18.25,18.75,13.0,9.75,13.75,7.0,6.75,20.5,23.0,18.25,6.0,2021-08-26
38.5,41.5,27.25,20.5,29.5,24.75,12.0,45.75,39.75,41.0,8.0,2021-08-26
97.5,87.0,45.0,25.0,46.0,35.25,33.75,85.0,89.5,85.75,10.0,2021-08-26
90.0,100.75,46.0,26.0,58.0,42.75,39.0,107.75,91.5,91.25,12.0,2021-08-26
86.25,83.25,51.0,24.75,70.75,51.25,31.25,102.5,80.0,74.5,14.0,2021-08-26
121.0,112.25,75.25,44.25,100.5,72.25,28.0,139.0,108.5,98.25,16.0,2021-08-26
154.0,135.5,87.75,59.75,141.0,94.0,26.25,188.5,125.25,129.5,18.0,2021-08-26
194.25,133.5,128.5,86.5,205.5,101.75,15.75,251.25,129.75,129.75,20.0,2021-08-26
208.5,214.5,128.5,90.25,182.5,133.25,39.5,257.0,165.75,186.5,22.0,2021-08-26
37.5,40.5,20.25,12.25,33.75,26.5,11.25,35.75,31.0,44.5,0.0,2021-08-27
15.0,14.0,9.25,6.25,8.5,11.5,4.75,11.0,12.75,14.25,2.0,2021-08-27
7.5,5.25,3.0,2.75,6.5,4.25,1.75,6.0,5.5,3.0,4.0,2021-08-27
22.0,15.0,13.5,7.5,10.5,12.25,7.5,19.5,16.5,13.75,6.0,2021-08-27
54.0,42.25,24.0,17.25,42.0,30.0,9.5,55.25,38.0,43.25,8.0,2021-08-27
77.5,69.5,40.5,26.25,71.5,49.0,15.5,84.0,68.75,81.25,10.0,2021-08-27
94.0,70.0,44.25,27.5,70.75,45.25,13.5,91.25,71.0,71.75,12.0,2021-08-27
82.25,67.5,40.5,30.5,90.0,62.0,10.25,89.0,61.75,60.25,14.0,2021-08-27
108.0,108.0,61.5,48.75,125.5,75.75,14.0,119.0,73.0,82.75,16.0,2021-08-27
142.25,125.5,94.0,69.25,179.75,98.5,12.0,162.25,104.75,112.0,18.0,2021-08-27
165.25,149.0,127.75,96.25,283.25,154.75,10.25,230.0,126.0,117.75,20.0,2021-08-27
121.25,123.75,91.5,59.5,181.25,101.75,6.0,155.75,97.25,98.25,22.0,2021-08-27
15.25,25.25,8.75,6.25,17.25,13.5,3.75,17.0,12.5,15.75,0.0,2021-08-28
4.0,5.0,4.25,1.75,5.5,4.75,0.75,4.0,5.0,2.75,2.0,2021-08-28
1.75,5.0,2.0,0.5,3.25,1.25,0.0,3.75,1.0,2.25,4.0,2021-08-28
8.75,10.0,3.75,2.25,4.25,6.5,2.0,6.0,3.75,5.25,6.0,2021-08-28
20.0,21.75,8.75,10.0,20.75,11.75,1.75,15.25,10.75,9.25,8.0,2021-08-28
22.0,26.5,15.25,11.5,33.25,20.0,3.0,28.0,20.5,18.5,10.0,2021-08-28
34.25,21.5,20.0,16.5,41.5,22.75,5.5,45.25,24.75,24.25,12.0,2021-08-28
44.5,28.5,25.0,18.25,49.25,27.75,4.25,53.25,27.75,23.75,14.0,2021-08-28
48.25,48.0,38.25,29.75,82.75,35.5,9.75,72.75,34.25,39.75,16.0,2021-08-28
84.0,53.5,48.75,37.75,130.0,59.0,5.75,102.0,42.75,46.0,18.0,2021-08-28
148.75,91.5,87.75,65.0,247.75,102.75,8.75,197.5,53.5,67.0,20.0,2021-08-28
131.25,114.75,78.0,53.0,180.25,88.25,16.25,157.75,66.0,71.0,22.0,2021-08-28
53.25,24.75,12.0,6.0,24.75,17.0,11.5,23.5,22.25,22.0,0.0,2021-08-29
12.25,10.25,5.5,2.75,10.5,6.5,4.0,7.5,6.75,8.5,2.0,2021-08-29
2.5,8.5,3.5,1.0,2.5,3.5,2.5,3.75,4.25,3.25,4.0,2021-08-29
17.0,11.5,3.75,3.25,8.5,4.0,2.0,8.75,6.25,5.5,6.0,2021-08-29
29.25,25.25,8.5,9.75,24.25,14.25,6.0,25.5,17.0,18.75,8.0,2021-08-29
42.0,37.25,19.5,15.75,45.25,20.75,9.0,46.0,33.75,34.25,10.0,2021-08-29
51.0,50.0,29.0,19.0,58.0,30.75,11.75,64.75,37.25,34.5,12.0,2021-08-29
71.75,48.5,30.25,18.5,73.0,31.5,12.5,75.25,38.25,34.0,14.0,2021-08-29
95.25,60.25,45.75,28.75,108.25,52.25,10.75,96.25,45.25,42.75,16.0,2021-08-29
171.25,111.0,80.0,53.5,177.25,89.25,10.75,181.5,63.0,66.5,18.0,2021-08-29
218.5,146.5,120.75,79.75,312.75,120.5,7.25,255.25,81.25,67.0,20.0,2021-08-29
216.75,198.5,123.5,82.75,267.5,128.25,14.75,235.25,100.5,106.25,22.0,2021-08-29
37.25,35.0,13.75,8.5,31.0,21.75,10.5,27.75,15.5,18.5,0.0,2021-08-30
20.5,7.75,6.25,3.25,10.75,10.75,4.75,10.25,6.5,7.25,2.0,2021-08-30
7.0,5.75,2.0,4.0,4.25,4.5,1.5,7.5,2.0,4.0,4.0,2021-08-30
15.0,9.25,9.0,3.5,13.25,10.0,3.75,14.25,8.5,7.75,6.0,2021-08-30
33.0,18.25,18.25,14.75,28.25,17.5,11.75,31.75,18.5,14.75,8.0,2021-08-30
75.25,53.75,33.5,17.0,56.75,38.5,13.5,75.5,36.0,38.25,10.0,2021-08-30
91.25,71.5,43.0,26.5,74.25,43.0,13.0,89.0,37.0,43.75,12.0,2021-08-30
104.5,69.75,53.25,32.75,104.0,53.25,8.75,114.75,41.5,45.0,14.0,2021-08-30
150.25,101.5,84.0,45.25,140.25,76.5,9.0,160.75,58.0,56.25,16.0,2021-08-30
190.0,123.75,113.25,66.5,214.0,105.0,13.75,228.75,61.25,69.5,18.0,2021-08-30
236.75,142.5,146.25,89.25,309.5,137.75,5.5,313.75,56.25,53.75,20.0,2021-08-30
225.75,159.5,140.75,96.0,278.25,153.75,19.0,311.5,78.0,87.75,22.0,2021-08-30
39.0,31.5,23.0,12.75,35.5,26.5,7.25,40.25,12.0,20.5,0.0,2021-08-31
11.25,7.5,8.0,2.25,10.25,9.5,2.0,9.75,3.5,5.25,2.0,2021-08-31
10.5,4.5,4.75,2.5,3.75,7.5,2.25,9.25,2.75,5.25,4.0,2021-08-31
33.25,20.25,12.5,7.75,17.25,10.75,4.75,28.5,10.5,10.5,6.0,2021-08-31
57.25,35.25,24.0,15.0,36.25,24.0,7.75,50.25,23.5,21.25,8.0,2021-08-31
105.75,80.75,49.5,28.5,89.5,48.75,9.25,117.5,48.25,50.75,10.0,2021-08-31
132.25,74.0,64.5,35.0,115.0,72.25,41.0,141.0,66.25,57.25,12.0,2021-08-31
138.0,73.75,57.75,39.25,127.5,74.75,21.75,137.25,44.25,54.25,14.0,2021-08-31
153.0,82.5,78.25,51.0,152.5,92.0,21.0,166.0,57.25,61.0,16.0,2021-08-31
189.25,120.0,118.25,66.0,245.25,126.75,17.75,243.0,67.0,73.75,18.0,2021-08-31
198.75,147.0,166.5,88.75,352.5,169.75,10.75,334.0,76.75,65.5,20.0,2021-08-31
254.0,120.25,90.0,48.75,190.5,117.5,17.25,198.25,68.75,72.0,22.0,2021-08-31
110.0,51.75,33.5,20.25,69.0,55.75,16.75,58.25,28.0,42.0,0.0,2021-09-01
14.0,16.75,8.75,3.0,21.5,17.0,4.0,16.75,7.25,10.0,2.0,2021-09-01
14.25,7.5,5.0,1.75,8.25,9.0,2.75,9.75,5.5,5.0,4.0,2021-09-01
36.75,20.0,19.75,8.75,30.25,15.5,4.75,32.5,11.5,12.25,6.0,2021-09-01
74.0,41.25,31.75,15.75,55.5,39.75,13.75,64.0,21.0,30.75,8.0,2021-09-01
131.5,53.5,51.25,27.75,84.75,65.5,16.75,76.25,35.0,43.5,10.0,2021-09-01
89.0,57.75,50.75,29.0,86.25,48.75,46.25,101.75,43.0,34.75,12.0,2021-09-01
92.25,51.0,55.0,27.0,90.5,65.0,38.5,90.0,32.25,35.0,14.0,2021-09-01
124.75,73.0,69.5,41.0,134.0,70.0,41.0,135.25,45.75,49.0,16.0,2021-09-01
158.0,111.75,95.25,49.0,183.25,103.75,44.0,179.75,57.25,65.25,18.0,2021-09-01
263.0,114.75,115.0,78.25,261.5,130.0,50.0,256.25,58.5,60.75,20.0,2021-09-01
239.75,151.5,104.5,60.5,220.75,124.0,55.75,233.5,79.75,85.0,22.0,2021-09-01
54.0,37.25,24.0,12.75,42.5,35.0,42.5,36.25,19.5,26.25,0.0,2021-09-02
15.5,14.5,7.0,3.5,13.75,15.0,15.5,12.5,7.25,8.25,2.0,2021-09-02
6.75,9.0,4.25,4.0,9.0,3.75,5.0,5.75,3.25,2.5,4.0,2021-09-02
21.25,18.0,11.75,5.0,22.0,15.0,12.75,20.75,9.0,7.5,6.0,2021-09-02
51.75,25.0,27.75,19.0,46.25,31.75,21.0,47.0,19.5,26.75,8.0,2021-09-02
76.25,42.75,30.25,25.0,66.5,49.25,35.75,58.5,33.25,46.5,10.0,2021-09-02
79.5,41.75,38.75,22.75,66.5,38.5,77.25,63.5,38.5,45.25,12.0,2021-09-02
73.25,37.0,34.5,22.25,80.0,35.5,50.25,70.0,31.75,31.5,14.0,2021-09-02
112.75,51.5,53.75,40.5,93.75,54.25,47.75,107.75,44.0,52.25,16.0,2021-09-02
130.25,87.5,73.5,55.25,148.0,81.75,46.25,150.25,63.5,58.5,18.0,2021-09-02
202.0,94.0,110.75,89.0,260.25,104.5,53.5,251.75,58.0,65.0,20.0,2021-09-02
215.0,142.75,108.5,74.0,231.0,124.75,83.5,245.5,74.25,84.5,22.0,2021-09-02
43.75,22.5,11.5,9.5,23.5,20.0,29.5,27.5,17.5,21.25,0.0,2021-09-03
10.5,9.0,4.75,3.5,8.75,7.75,8.75,8.5,4.75,8.0,2.0,2021-09-03
6.25,4.75,3.0,2.75,4.0,3.0,4.25,6.25,1.0,2.25,4.0,2021-09-03
14.5,11.5,7.25,7.75,14.75,8.5,6.5,17.5,7.75,9.25,6.0,2021-09-03
46.5,27.5,16.75,19.75,38.25,22.0,17.5,36.5,22.25,23.75,8.0,2021-09-03
60.5,43.25,30.75,27.75,63.75,42.0,25.75,71.0,37.5,42.75,10.0,2021-09-03
103.75,58.5,43.25,33.0,88.75,49.0,31.25,100.25,48.25,52.0,12.0,2021-09-03
76.75,47.75,38.0,31.0,82.5,46.5,35.5,75.25,32.5,40.5,14.0,2021-09-03
102.5,52.5,50.25,39.75,117.75,54.75,36.75,93.75,44.25,50.75,16.0,2021-09-03
140.25,78.5,71.25,61.5,186.5,87.25,32.5,136.5,62.5,60.0,18.0,2021-09-03
186.25,96.75,94.75,72.0,245.0,111.5,36.25,151.5,52.5,64.0,20.0,2021-09-03
171.25,88.5,80.75,70.75,212.25,84.25,39.25,151.5,57.75,67.25,22.0,2021-09-03
18.5,14.25,9.25,5.0,16.5,10.5,18.25,11.25,10.0,12.25,0.0,2021-09-04
6.75,4.25,1.75,1.25,4.5,2.75,4.0,2.0,3.0,2.5,2.0,2021-09-04
3.5,3.25,1.5,1.75,3.0,1.0,4.0,1.75,1.0,1.0,4.0,2021-09-04
15.0,1.25,3.0,4.25,6.0,3.75,3.25,6.25,2.75,4.75,6.0,2021-09-04
28.25,7.75,9.5,8.0,18.5,6.5,9.75,16.25,10.5,8.75,8.0,2021-09-04
35.75,21.25,13.75,10.5,34.0,15.0,14.0,25.0,10.75,10.25,10.0,2021-09-04
29.75,18.0,16.5,20.5,30.5,21.75,11.25,36.5,9.5,12.75,12.0,2021-09-04
29.75,21.75,17.5,19.0,46.75,18.5,11.25,40.5,17.0,14.25,14.0,2021-09-04
62.0,19.0,29.0,34.25,87.25,32.5,17.25,64.75,21.75,21.75,16.0,2021-09-04
110.5,52.5,50.25,39.0,126.25,47.75,16.75,88.75,27.75,26.75,18.0,2021-09-04
161.0,72.0,86.75,76.25,250.0,95.0,27.0,162.0,49.5,43.25,20.0,2021-09-04
139.25,79.25,76.25,61.25,216.5,82.0,34.25,144.25,36.5,44.5,22.0,2021-09-04
29.0,19.75,10.25,6.75,19.0,17.5,12.0,17.25,8.25,11.5,0.0,2021-09-05
5.5,8.25,4.75,2.75,9.0,4.25,5.75,4.5,4.75,5.25,2.0,2021-09-05
1.75,6.0,2.5,2.5,4.5,1.75,2.5,2.5,1.75,1.0,4.0,2021-09-05
6.5,5.25,5.75,3.25,12.5,2.75,3.5,6.75,7.75,5.0,6.0,2021-09-05
29.0,16.5,10.75,8.25,25.0,8.25,11.25,25.25,14.5,11.75,8.0,2021-09-05
44.25,26.75,19.0,16.5,39.0,19.5,17.5,39.5,17.25,16.0,10.0,2021-09-05
56.5,28.0,21.0,25.5,64.25,20.25,18.25,59.75,14.0,20.75,12.0,2021-09-05
65.0,33.25,30.0,24.5,71.75,34.25,17.25,70.25,25.0,21.75,14.0,2021-09-05
134.25,38.75,46.0,45.25,115.5,42.5,21.75,103.0,28.75,30.0,16.0,2021-09-05
192.0,82.75,70.0,74.5,175.0,65.75,24.25,176.0,38.5,31.75,18.0,2021-09-05
268.75,89.5,106.25,89.75,302.0,118.25,36.5,263.75,35.75,38.5,20.0,2021-09-05
241.25,114.75,80.5,69.75,248.5,155.5,44.0,205.25,43.75,44.25,22.0,2021-09-05
39.75,29.5,10.25,11.5,30.75,23.0,26.0,22.25,11.75,19.75,0.0,2021-09-06
12.0,8.0,5.25,4.0,9.25,6.75,15.25,6.5,6.0,6.25,2.0,2021-09-06
4.25,6.5,2.5,1.75,3.75,2.25,5.0,2.75,2.5,4.5,4.0,2021-09-06
17.75,9.25,4.75,6.25,12.0,9.25,3.25,11.0,4.0,5.5,6.0,2021-09-06
33.25,13.5,11.5,12.5,39.0,11.5,8.75,24.75,9.25,11.5,8.0,2021-09-06
67.25,42.75,22.0,20.25,57.5,27.0,18.25,52.75,28.0,35.0,10.0,2021-09-06
80.75,61.0,39.5,27.0,87.5,39.75,24.0,74.0,42.5,48.25,12.0,2021-09-06
108.25,100.75,49.75,39.5,118.25,53.25,27.75,95.0,41.75,52.5,14.0,2021-09-06
137.25,95.25,65.25,52.75,162.25,67.25,25.5,129.75,40.5,60.5,16.0,2021-09-06
187.75,121.75,83.75,66.75,234.5,100.75,34.5,191.75,68.0,74.75,18.0,2021-09-06
213.75,135.75,123.0,99.0,350.25,112.75,44.5,293.5,58.5,75.5,20.0,2021-09-06
164.75,144.5,80.0,56.25,202.75,91.5,38.75,175.5,71.5,75.75,22.0,2021-09-06
46.75,39.25,17.75,9.25,37.75,24.0,18.75,30.25,20.75,30.75,0.0,2021-09-07
14.75,18.0,3.75,4.25,7.5,11.5,9.75,6.75,6.25,8.5,2.0,2021-09-07
10.25,8.25,3.0,2.25,5.25,1.5,4.25,4.0,2.5,5.0,4.0,2021-09-07
25.25,8.75,6.25,6.5,19.25,7.75,7.25,15.75,8.0,10.25,6.0,2021-09-07
42.25,25.25,20.75,13.75,47.25,23.0,11.75,39.0,17.0,26.25,8.0,2021-09-07
94.0,44.0,32.75,20.5,63.0,29.75,87.75,65.0,35.0,46.75,10.0,2021-09-07
149.25,72.0,47.25,26.75,97.25,44.5,59.0,97.5,58.5,67.0,12.0,2021-09-07
126.75,52.25,47.0,33.0,94.75,46.0,42.0,78.25,34.75,47.75,14.0,2021-09-07
158.25,56.5,49.25,40.0,166.0,57.25,36.25,99.0,45.75,58.0,16.0,2021-09-07
226.5,97.5,84.75,57.0,227.0,90.0,47.0,162.75,56.0,77.0,18.0,2021-09-07
320.75,129.75,120.75,77.5,316.0,112.75,56.5,230.5,63.25,76.25,20.0,2021-09-07
263.5,135.0,98.25,60.75,223.0,90.25,49.5,170.75,74.25,90.25,22.0,2021-09-07
70.75,47.5,20.5,11.5,49.0,25.75,33.5,34.0,26.25,35.5,0.0,2021-09-08
26.5,15.25,6.5,3.5,13.75,12.75,14.5,8.75,10.25,12.25,2.0,2021-09-08
8.25,8.0,3.0,2.5,6.0,4.5,4.5,6.25,5.75,4.25,4.0,2021-09-08
27.25,13.25,9.5,6.25,18.5,13.25,7.75,19.25,9.25,9.25,6.0,2021-09-08
67.0,31.0,17.25,16.75,36.5,16.5,22.25,34.25,25.25,31.5,8.0,2021-09-08
110.25,51.0,24.5,22.25,64.0,22.5,33.5,60.0,37.75,48.0,10.0,2021-09-08
120.5,58.25,32.0,27.0,72.25,37.25,33.25,60.0,38.75,54.0,12.0,2021-09-08
126.0,51.25,32.5,26.75,78.25,31.0,30.0,61.75,31.5,45.75,14.0,2021-09-08
159.25,54.25,49.0,35.0,121.75,52.5,34.5,91.0,38.0,63.25,16.0,2021-09-08
325.75,94.25,71.25,58.75,166.25,69.75,34.75,114.0,53.75,74.0,18.0,2021-09-08
283.75,114.5,92.25,82.75,272.5,97.0,37.75,175.0,54.25,76.5,20.0,2021-09-08
226.5,166.5,107.0,81.75,288.0,111.0,60.5,185.0,68.25,115.0,22.0,2021-09-08
53.0,42.0,13.5,10.0,30.5,16.5,21.0,20.75,12.5,21.5,0.0,2021-09-09
19.0,6.75,6.25,3.0,10.75,7.0,7.75,6.75,5.5,8.5,2.0,2021-09-09
6.25,7.0,2.5,1.25,7.75,7.25,3.75,3.25,4.25,5.0,4.0,2021-09-09
26.5,16.25,6.5,6.0,20.25,8.0,6.5,10.75,9.25,11.5,6.0,2021-09-09
51.0,30.75,17.75,15.25,44.5,19.25,27.75,32.0,14.75,23.25,8.0,2021-09-09
113.75,53.75,35.5,19.5,71.0,37.75,127.75,77.25,46.25,64.0,10.0,2021-09-09
134.75,57.75,37.75,21.25,88.25,43.5,87.25,82.0,40.5,54.5,12.0,2021-09-09
126.75,43.25,32.25,21.5,79.25,41.0,70.5,63.0,29.0,37.5,14.0,2021-09-09
151.5,72.5,49.75,31.5,128.0,57.75,56.75,98.25,49.75,56.5,16.0,2021-09-09
226.0,90.0,63.0,46.5,189.25,79.5,59.75,134.5,59.5,67.0,18.0,2021-09-09
289.0,104.25,86.5,59.5,268.0,96.25,61.5,176.0,59.5,65.75,20.0,2021-09-09
169.5,141.5,86.25,61.75,271.5,121.0,98.0,173.25,85.25,87.75,22.0,2021-09-09
31.5,24.25,11.25,11.0,26.0,16.25,23.5,15.5,12.0,13.25,0.0,2021-09-10
10.25,7.75,4.5,4.25,7.75,6.0,6.5,8.5,3.0,4.0,2.0,2021-09-10
5.0,3.25,2.0,1.5,6.0,3.75,3.5,5.0,2.5,3.75,4.0,2021-09-10
25.25,11.0,5.75,7.25,14.5,7.25,8.0,14.75,6.5,11.25,6.0,2021-09-10
51.25,24.5,12.0,13.0,42.5,16.5,22.5,23.25,17.5,21.5,8.0,2021-09-10
80.0,41.5,27.5,25.75,70.5,32.0,39.5,46.0,31.25,38.5,10.0,2021-09-10
90.5,41.0,22.75,29.75,69.5,31.75,37.75,58.0,27.5,33.75,12.0,2021-09-10
106.75,28.0,31.25,25.75,94.0,39.0,36.25,62.5,24.0,33.25,14.0,2021-09-10
130.25,52.0,37.5,31.0,128.5,51.75,35.25,79.0,40.5,33.5,16.0,2021-09-10
163.5,59.5,57.75,48.0,189.5,78.75,38.5,115.0,48.5,63.5,18.0,2021-09-10
227.75,63.75,105.5,71.5,277.5,109.0,39.0,163.25,59.75,61.0,20.0,2021-09-10
223.5,75.5,92.5,70.5,235.5,101.75,46.25,157.75,43.0,59.25,22.0,2021-09-10
17.0,12.25,5.25,3.0,16.5,7.25,13.25,10.5,7.25,9.25,0.0,2021-09-11
6.0,3.75,3.5,2.75,5.25,4.25,4.5,3.75,2.25,2.0,2.0,2021-09-11
3.25,2.0,0.5,2.0,2.75,2.5,3.0,3.25,0.0,0.5,4.0,2021-09-11
9.75,2.25,2.25,3.0,7.75,3.0,4.75,6.25,1.5,2.5,6.0,2021-09-11
18.5,8.75,9.25,8.5,22.75,10.0,16.25,17.0,6.0,6.0,8.0,2021-09-11
35.5,10.75,13.0,7.25,26.25,11.75,15.5,26.75,10.5,7.75,10.0,2021-09-11
32.5,13.0,13.75,11.75,38.0,18.5,15.5,27.75,11.5,12.5,12.0,2021-09-11
45.0,19.25,18.5,12.5,45.75,16.25,16.25,42.25,8.25,11.25,14.0,2021-09-11
73.5,20.5,26.75,20.5,79.5,28.5,18.75,55.75,17.5,17.5,16.0,2021-09-11
102.5,43.5,40.0,31.25,133.5,54.75,17.75,84.75,27.5,30.75,18.0,2021-09-11
185.5,68.0,81.25,54.25,251.75,86.25,31.25,145.5,38.25,42.25,20.0,2021-09-11
174.75,73.0,65.0,45.0,218.5,76.5,33.0,140.0,42.25,45.0,22.0,2021-09-11
48.75,19.5,5.0,6.0,18.75,12.0,29.75,20.0,11.0,12.75,0.0,2021-09-12
15.75,9.0,1.5,2.25,9.5,4.0,12.5,8.0,5.0,4.25,2.0,2021-09-12
10.25,1.25,2.25,0.75,4.25,2.25,5.75,2.25,3.5,3.0,4.0,2021-09-12
9.5,11.5,3.0,2.0,10.5,3.25,5.5,7.75,5.25,6.0,6.0,2021-09-12
42.0,14.25,10.5,9.0,29.25,8.5,13.5,26.75,13.5,16.5,8.0,2021-09-12
57.0,19.75,11.75,13.0,55.0,16.75,21.5,37.75,18.25,22.5,10.0,2021-09-12
56.5,31.25,20.75,14.0,51.5,20.0,23.25,45.5,23.75,23.5,12.0,2021-09-12
71.75,27.5,25.25,21.25,75.0,27.25,30.5,60.0,18.75,24.5,14.0,2021-09-12
102.5,48.5,36.25,27.0,113.0,40.25,28.5,81.25,25.0,28.25,16.0,2021-09-12
164.0,59.0,64.75,48.0,180.5,64.75,32.0,120.0,40.75,43.5,18.0,2021-09-12
258.5,113.25,92.0,69.5,233.75,108.0,42.75,205.0,43.25,38.0,20.0,2021-09-12
226.0,110.0,75.75,61.25,215.75,83.0,42.0,173.25,44.75,47.5,22.0,2021-09-12
33.5,34.75,13.25,9.0,32.75,15.5,29.25,23.75,16.5,21.75,0.0,2021-09-13
10.5,12.0,2.5,2.5,11.25,6.25,8.5,6.25,5.75,4.5,2.0,2021-09-13
4.5,4.75,2.5,1.0,6.5,3.5,3.25,2.5,1.0,2.5,4.0,2021-09-13
17.25,9.5,5.25,3.75,12.5,4.0,4.25,11.25,4.5,7.25,6.0,2021-09-13
30.0,20.25,7.5,11.75,33.75,13.25,19.25,30.5,13.5,17.75,8.0,2021-09-13
72.25,31.25,22.5,13.75,71.0,21.25,37.75,48.0,28.5,33.5,10.0,2021-09-13
119.25,58.75,42.0,21.75,117.5,38.75,35.75,107.25,65.75,90.25,12.0,2021-09-13
152.5,80.75,45.75,29.75,115.25,73.0,34.5,101.0,65.0,71.25,14.0,2021-09-13
151.25,82.75,56.0,36.5,147.25,86.5,26.75,130.0,65.5,73.5,16.0,2021-09-13
209.75,98.75,80.0,58.0,209.0,114.0,33.5,159.25,83.25,80.0,18.0,2021-09-13
323.75,172.5,119.0,88.25,335.5,190.5,54.0,252.5,101.75,130.5,20.0,2021-09-13
239.0,140.5,84.25,57.5,194.0,143.5,47.25,178.25,78.5,104.75,22.0,2021-09-13
54.75,26.25,14.75,10.5,29.5,33.5,16.5,28.25,19.0,27.25,0.0,2021-09-14
7.25,10.0,4.25,3.25,10.75,9.5,5.25,9.0,5.25,7.5,2.0,2021-09-14
7.0,3.25,3.5,2.5,6.75,5.75,2.5,5.25,4.0,4.75,4.0,2021-09-14
20.25,12.25,7.75,7.25,17.5,11.75,8.75,20.0,11.5,17.25,6.0,2021-09-14
59.5,24.75,18.25,17.0,47.25,36.75,17.0,40.0,22.25,32.75,8.0,2021-09-14
86.25,50.75,32.25,22.0,83.0,54.75,30.75,62.5,54.75,60.5,10.0,2021-09-14
101.5,49.0,34.75,21.5,76.75,53.25,31.0,71.5,44.5,58.75,12.0,2021-09-14
96.0,52.5,41.75,26.25,93.75,56.75,29.25,80.0,48.75,57.5,14.0,2021-09-14
140.75,68.0,50.0,37.5,96.25,67.5,27.0,93.75,49.75,67.5,16.0,2021-09-14
195.0,84.5,57.75,50.25,174.5,94.25,30.25,130.25,68.5,82.75,18.0,2021-09-14
283.75,150.0,119.25,95.0,272.0,158.25,42.25,213.0,95.75,122.0,20.0,2021-09-14
279.25,153.25,95.5,82.75,265.25,127.5,44.25,169.75,81.5,113.75,22.0,2021-09-14
50.0,42.75,14.0,8.75,34.25,27.25,15.75,26.5,19.25,31.5,0.0,2021-09-15
13.75,10.0,4.75,3.75,12.0,11.5,4.25,8.0,6.75,8.5,2.0,2021-09-15
7.75,4.5,2.75,2.0,4.5,4.5,3.5,7.75,4.0,5.0,4.0,2021-09-15
30.5,14.25,9.25,7.75,29.75,13.25,10.75,19.75,11.25,15.75,6.0,2021-09-15
66.0,36.0,20.0,13.5,57.0,37.5,15.75,45.0,21.5,35.0,8.0,2021-09-15
75.75,40.0,27.0,21.25,76.25,61.5,41.0,61.5,42.25,57.75,10.0,2021-09-15
124.5,70.5,45.0,37.5,100.75,79.25,33.0,92.75,67.75,88.75,12.0,2021-09-15
120.0,60.75,39.5,37.75,105.75,87.25,32.75,94.0,57.5,67.0,14.0,2021-09-15
163.25,87.25,48.25,42.0,129.75,91.25,27.75,99.75,58.75,71.0,16.0,2021-09-15
180.5,96.25,61.25,55.0,165.25,103.25,31.5,131.0,63.75,93.75,18.0,2021-09-15
282.0,150.25,103.25,90.0,276.5,145.25,50.25,230.25,100.75,126.75,20.0,2021-09-15
221.75,120.5,75.0,59.0,195.0,46.0,37.0,163.25,70.0,95.0,22.0,2021-09-15
